{
	"info": {
		"_postman_id": "d6657fec-9545-4dee-84ea-a98a36301226",
		"name": "API SAE S5",
		"schema": "https://schema.getpostman.com/json/collection/v2.1.0/collection.json",
		"_exporter_id": "25747661"
	},
	"item": [
		{
			"name": "Post",
			"item": [
				{
					"name": "User",
					"item": [
						{
							"name": "Requete PostUserInfo",
							"request": {
								"method": "POST",
								"header": [],
								"body": {
									"mode": "raw",
									"raw": "{\r\n    //\"nom_serie\" : \"lost\",\r\n    //\"langue\" : \"Francais\"\r\n    \"user_id\" : 666\r\n}",
									"options": {
										"raw": {
											"language": "json"
										}
									}
								},
								"url": {
									"raw": "http://localhost/saes5/test_api3.php/user/info",
									"protocol": "http",
									"host": [
										"localhost"
									],
									"path": [
										"saes5",
										"test_api3.php",
										"user",
										"info"
									]
								}
							},
							"response": []
						},
						{
							"name": "Requete PostUserLikes",
							"request": {
								"method": "POST",
								"header": [],
								"body": {
									"mode": "raw",
									"raw": "{\r\n    \"user_id\":666\r\n}",
									"options": {
										"raw": {
											"language": "json"
										}
									}
								},
								"url": {
									"raw": "http://localhost/saes5/test_api3.php/user/likes",
									"protocol": "http",
									"host": [
										"localhost"
									],
									"path": [
										"saes5",
										"test_api3.php",
										"user",
										"likes"
									]
								}
							},
							"response": []
						},
						{
							"name": "Requete PostUserRecos",
							"request": {
								"method": "POST",
								"header": [],
								"body": {
									"mode": "raw",
									"raw": "{\r\n    \"user_id\":666,\r\n    \"langue\":\"Francais\"\r\n}",
									"options": {
										"raw": {
											"language": "json"
										}
									}
								},
								"url": {
									"raw": "http://localhost/saes5/test_api3.php/user/recos",
									"protocol": "http",
									"host": [
										"localhost"
									],
									"path": [
										"saes5",
										"test_api3.php",
										"user",
										"recos"
									]
								}
							},
							"response": []
						},
						{
							"name": "New Request",
							"request": {
								"method": "GET",
								"header": []
							},
							"response": []
						}
					]
				},
				{
					"name": "Recherche",
					"item": [
						{
							"name": "Requete PostRechercheSeriesName",
							"request": {
								"method": "POST",
								"header": [],
								"body": {
									"mode": "raw",
									"raw": "{\r\n    \"nom_serie\":\"house\"\r\n}",
									"options": {
										"raw": {
											"language": "json"
										}
									}
								},
								"url": {
									"raw": "http://localhost/saes5/test_api3.php/series/search",
									"protocol": "http",
									"host": [
										"localhost"
									],
									"path": [
										"saes5",
										"test_api3.php",
										"series",
										"search"
									]
								}
							},
							"response": []
						},
						{
							"name": "Requete PostRechercheTF_IDF",
							"request": {
								"method": "POST",
								"header": [],
								"body": {
									"mode": "raw",
									"raw": "{\r\n    \"phrase\" : \"car , drugs , guns\",\r\n    \"langue\" : \"Anglais\"\r\n}",
									"options": {
										"raw": {
											"language": "json"
										}
									}
								},
								"url": {
									"raw": "http://localhost/saes5/test_api3.php/series/search/phrase",
									"protocol": "http",
									"host": [
										"localhost"
									],
									"path": [
										"saes5",
										"test_api3.php",
										"series",
										"search",
										"phrase"
									]
								}
							},
							"response": []
						}
					]
				},
				{
					"name": "Series",
					"item": [
						{
							"name": "Requete PostSerieInfo",
							"request": {
								"method": "POST",
								"header": [],
								"body": {
									"mode": "raw",
									"raw": "{\r\n    \"nom_serie\" : \"lost\",\r\n    \"langue\" : \"Francais\"\r\n}",
									"options": {
										"raw": {
											"language": "json"
										}
									}
								},
								"url": {
									"raw": "http://localhost/saes5/test_api3.php/serie/info",
									"protocol": "http",
									"host": [
										"localhost"
									],
									"path": [
										"saes5",
										"test_api3.php",
										"serie",
										"info"
									]
								}
							},
							"response": []
						},
						{
							"name": "Requete PostSeriesGenre",
							"request": {
								"method": "POST",
								"header": [],
								"body": {
									"mode": "raw",
									"raw": "{\r\n    \"genre\":\"Mystery\"\r\n}",
									"options": {
										"raw": {
											"language": "json"
										}
									}
								},
								"url": {
									"raw": "http://localhost/saes5/test_api3.php/series/genre",
									"protocol": "http",
									"host": [
										"localhost"
									],
									"path": [
										"saes5",
										"test_api3.php",
										"series",
										"genre"
									]
								}
							},
							"response": []
						}
					]
				}
			]
		},
		{
			"name": "PUT",
			"item": [
				{
					"name": "Requete PUT ADDuser",
					"request": {
						"method": "PUT",
						"header": [],
						"body": {
							"mode": "raw",
							"raw": "{\r\n    \"user_id\": \"12\",\r\n    \"user_name\":\"Test_API\",\r\n    \"user_password\" :\"APIPostman\",\r\n    \"user_email\":\"testAPI@gmail.com\" \r\n}",
							"options": {
								"raw": {
									"language": "json"
								}
							}
						},
						"url": {
							"raw": "http://localhost/saes5/test_api3.php/user/add",
							"protocol": "http",
							"host": [
								"localhost"
							],
							"path": [
								"saes5",
								"test_api3.php",
								"user",
								"add"
							]
						}
					},
					"response": []
				},
				{
					"name": "Requete PUT MAJ User",
					"request": {
						"method": "PUT",
						"header": [],
						"body": {
							"mode": "raw",
							"raw": "{\r\n    \"user_id\":555,\r\n    \"user_name\":\"ok\",\r\n    \"user_email\":\"ok@gmail.com\",\r\n    \"user_password\":\"test\"\r\n}",
							"options": {
								"raw": {
									"language": "json"
								}
							}
						},
						"url": {
							"raw": "http://localhost/saes5/test_api3.php/user/update",
							"protocol": "http",
							"host": [
								"localhost"
							],
							"path": [
								"saes5",
								"test_api3.php",
								"user",
								"update"
							]
						}
					},
					"response": []
				},
				{
					"name": "Requete PUT MAJ likes User",
					"request": {
						"method": "PUT",
						"header": [],
						"body": {
							"mode": "raw",
							"raw": "{\r\n    \"user_id\":\"flomouk\",\r\n    \"password\":\"20082003flo\",\r\n    \"liked_series\" : \"lost\"\r\n}",
							"options": {
								"raw": {
									"language": "json"
								}
							}
						},
						"url": {
							"raw": "http://localhost/saes5/test_api3.php/user/likes/update",
							"protocol": "http",
							"host": [
								"localhost"
							],
							"path": [
								"saes5",
								"test_api3.php",
								"user",
								"likes",
								"update"
							]
						}
					},
					"response": []
				}
			]
		},
		{
			"name": "Delete",
			"item": [
				{
					"name": "Requete del user delete",
					"request": {
						"method": "DELETE",
						"header": [],
						"body": {
							"mode": "raw",
							"raw": "{\r\n    \"user_id\":455 \r\n}",
							"options": {
								"raw": {
									"language": "json"
								}
							}
						},
						"url": {
							"raw": "http://localhost/saes5/test_api3.php/user/delete",
							"protocol": "http",
							"host": [
								"localhost"
							],
							"path": [
								"saes5",
								"test_api3.php",
								"user",
								"delete"
							]
						}
					},
					"response": []
				}
			]
		},
		{
			"name": "Get",
			"item": [
				{
					"name": "Requete GetAllSeriesName",
					"protocolProfileBehavior": {
						"disableBodyPruning": true
					},
					"request": {
						"method": "GET",
						"header": [],
						"body": {
							"mode": "raw",
							"raw": "",
							"options": {
								"raw": {
									"language": "json"
								}
							}
						},
						"url": {
							"raw": "http://localhost/saes5/test_api3.php/series",
							"protocol": "http",
							"host": [
								"localhost"
							],
							"path": [
								"saes5",
								"test_api3.php",
								"series"
							],
							"query": [
								{
									"key": "nom_serie",
									"value": "xfiles",
									"disabled": true
								},
								{
									"key": "langue",
									"value": "francais",
									"disabled": true
								},
								{
									"key": "user_id",
									"value": "666",
									"disabled": true
								}
							]
						}
					},
					"response": []
				}
			]
		}
	]
}