{"Basic Information":{"Username":"flomouk2.0","Name":"Flo2.0","Creation Date":"2021-05-31 19:04:07 UTC"},"Device Information":{"Make":"Xiaomi","Model ID":"M2002J9G","Model Name":"Mi 10 lite 5G","User Agent":"","Language":"fr","OS Type":"ANDROID","OS Version":"Android 12","Connection Type":"WIFI, CELL"},"Device History":[{"Make":"Xiaomi","Model":"M2002J9G","Start Time":"2021-05-31 19:00:00 UTC","Device Type":"PHONE"}],"Privacy Policy and Terms of Service Acceptance History":[],"Custom Creative Tools Terms":[],"Login History":[],"Family Center":[]}