{"Login History":[{"App":"Hoop","Time":"2021-11-22 09:22:49 UTC"},{"App":"UNO","Time":"2021-12-13 21:42:02 UTC"},{"App":"Hoop","Time":"2022-02-28 18:38:56 UTC"},{"App":"Swipr","Time":"2022-02-28 17:46:47 UTC"},{"App":"Streakers","Time":"2022-03-28 22:30:29 UTC"},{"App":"Streakers","Time":"2022-03-28 22:32:52 UTC"},{"App":"feels","Time":"2022-10-16 19:44:44 UTC"}],"Permissions":[{"App":"feels","Time":"2022-10-16 19:44:46 UTC","Type":"Display name, Bitmoji"},{"App":"Birthdays","Time":"2022-11-05 19:10:39 UTC","Type":"Display name, Bitmoji, app_activity, "}],"Connected Applications":[{"App":"null","App Status":"Removed","Last Activity":""},{"App":"Birthdays","App Status":"Connected","Last Activity":"2022-11-05 19:10:39 UTC"},{"App":"SwipeParty","App Status":"Removed","Last Activity":""},{"App":"feels","App Status":"Connected","Last Activity":"2022-10-16 19:44:45 UTC"}]}