{"Friends":[{"Username":"toylor_millsse","Display Name":"Toylor Wilsonne","Creation Timestamp":"2021-08-20 10:21:10 UTC","Last Modified Timestamp":"2021-08-20 10:21:10 UTC","Source":"added by added me back"},{"Username":"temuulen_28","Display Name":"Tmln🃏","Creation Timestamp":"2021-08-07 21:08:06 UTC","Last Modified Timestamp":"2021-08-07 21:08:06 UTC","Source":"added by added me back"},{"Username":"anthochpn","Display Name":"Anthony","Creation Timestamp":"2022-04-13 12:04:59 UTC","Last Modified Timestamp":"2022-04-13 12:04:59 UTC","Source":"added by added me back"},{"Username":"pamymounkala","Display Name":"Pamy","Creation Timestamp":"2022-08-07 08:54:57 UTC","Last Modified Timestamp":"2022-08-07 08:54:57 UTC","Source":"added by added me back"},{"Username":"cbetton012","Display Name":"Cyprien Betton","Creation Timestamp":"2021-11-30 17:14:10 UTC","Last Modified Timestamp":"2021-11-30 17:14:10 UTC","Source":"added by added me back"},{"Username":"flomouk2.0","Display Name":"Flo2.0","Creation Timestamp":"2021-05-31 19:04:08 UTC","Last Modified Timestamp":"2021-05-31 19:04:08 UTC","Source":"added by unknown"},{"Username":"hamnichanis","Display Name":"Anis 🥊","Creation Timestamp":"2022-09-09 15:51:46 UTC","Last Modified Timestamp":"2022-09-09 15:51:50 UTC","Source":"added by username"},{"Username":"kylian.al","Display Name":"Kylian Lacombe","Creation Timestamp":"2022-08-12 20:54:49 UTC","Last Modified Timestamp":"2022-08-12 20:54:49 UTC","Source":"added by added me back"},{"Username":"mounkalamagalie","Display Name":"Maman","Creation Timestamp":"2022-08-22 06:08:39 UTC","Last Modified Timestamp":"2022-08-22 06:08:39 UTC","Source":"added by added me back"},{"Username":"rosaliengk","Display Name":"Rosalie Ngakosso","Creation Timestamp":"2022-08-20 11:16:25 UTC","Last Modified Timestamp":"2022-08-20 11:16:25 UTC","Source":"added by added me back"},{"Username":"cngp2022","Display Name":"C💛","Creation Timestamp":"2022-10-15 22:39:07 UTC","Last Modified Timestamp":"2022-10-15 22:39:07 UTC","Source":"added by added me back"},{"Username":"jrichir67","Display Name":"jeanne💕","Creation Timestamp":"2022-10-19 13:34:26 UTC","Last Modified Timestamp":"2022-10-19 13:34:26 UTC","Source":"added by added me back"},{"Username":"munkh93","Display Name":"Munkh11🏀🏀","Creation Timestamp":"2021-08-01 23:18:19 UTC","Last Modified Timestamp":"2021-08-01 23:18:19 UTC","Source":"added by added me back"},{"Username":"halrul","Display Name":"Djo","Creation Timestamp":"2022-04-21 11:53:29 UTC","Last Modified Timestamp":"2022-10-20 18:03:58 UTC","Source":"added by added me back"},{"Username":"laetitia_saca21","Display Name":"Laëtitia","Creation Timestamp":"2022-10-18 18:06:57 UTC","Last Modified Timestamp":"2022-10-18 18:06:57 UTC","Source":"added by added me back"},{"Username":"teamsnapchat","Display Name":"Team Snapchat","Creation Timestamp":"2021-05-31 19:04:08 UTC","Last Modified Timestamp":"2022-10-16 04:02:26 UTC","Source":"added by unknown"},{"Username":"kevin_spini","Display Name":"Kevin Spini","Creation Timestamp":"2021-06-05 08:36:53 UTC","Last Modified Timestamp":"2021-06-05 08:36:53 UTC","Source":"added by added me back"}],"Friend Requests Sent":[{"Username":"lysa05094","Display Name":"Lysaaa🦚","Creation Timestamp":"2021-12-18 21:56:21 UTC","Last Modified Timestamp":"2021-12-18 21:56:21 UTC","Source":"added by qr code"},{"Username":"emma-prvst","Display Name":"emma Prevost","Creation Timestamp":"2022-03-20 02:10:37 UTC","Last Modified Timestamp":"2022-03-20 02:10:37 UTC","Source":"added by display name"},{"Username":"lolacelestdxel","Display Name":"ʆσʆα-Xεʆίηα 🚬🌝","Creation Timestamp":"2022-02-25 16:47:28 UTC","Last Modified Timestamp":"2022-02-25 17:05:59 UTC","Source":"added by suggested"},{"Username":"juxt_louna","Display Name":"𝐋𝐨𝐮𝐧𝐚 0611","Creation Timestamp":"2022-04-28 11:31:04 UTC","Last Modified Timestamp":"2022-04-28 11:38:50 UTC","Source":"added by username"},{"Username":"vennesa367","Display Name":"🖤🤍islaCream🤍🖤","Creation Timestamp":"2022-03-20 02:12:29 UTC","Last Modified Timestamp":"2022-03-20 02:12:29 UTC","Source":"added by display name"},{"Username":"aamelllllllll","Display Name":"amel 🛸","Creation Timestamp":"2021-07-31 02:24:02 UTC","Last Modified Timestamp":"2021-08-02 05:30:08 UTC","Source":"added by qr code"},{"Username":"chloe.3477","Display Name":"Chloe👄","Creation Timestamp":"2022-05-03 01:14:28 UTC","Last Modified Timestamp":"2022-05-03 01:14:28 UTC","Source":"added by username"},{"Username":"sandrinenappi","Display Name":"Sandrine56","Creation Timestamp":"2021-11-22 21:05:28 UTC","Last Modified Timestamp":"2021-11-22 22:51:02 UTC","Source":"added by qr code"},{"Username":"marie.duuu","Display Name":"mariie","Creation Timestamp":"2021-11-26 08:13:55 UTC","Last Modified Timestamp":"2021-11-26 08:13:55 UTC","Source":"added by qr code"},{"Username":"giulia_fabia588","Display Name":"☯︎𝐆𝐢𝐮𝐥𝐢𝐚☯︎","Creation Timestamp":"2021-07-14 12:10:01 UTC","Last Modified Timestamp":"2021-07-14 12:10:01 UTC","Source":"added by qr code"},{"Username":"sylvielaura22","Display Name":"Sylvie Laura","Creation Timestamp":"2022-05-17 14:06:51 UTC","Last Modified Timestamp":"2022-05-17 14:06:51 UTC","Source":"added by qr code"},{"Username":"d_daniela975","Display Name":"Daniela💕","Creation Timestamp":"2022-04-25 18:52:47 UTC","Last Modified Timestamp":"2022-04-25 18:52:47 UTC","Source":"added by suggested"},{"Username":"morganelemair20","Display Name":"Sex_Morgane","Creation Timestamp":"2022-03-20 02:15:13 UTC","Last Modified Timestamp":"2022-03-20 02:15:13 UTC","Source":"added by username"},{"Username":"dylanetursane","Display Name":"𝙻𝚘𝚞𝚗𝚊 ツ","Creation Timestamp":"2022-04-25 18:52:44 UTC","Last Modified Timestamp":"2022-04-25 18:52:44 UTC","Source":"added by suggested"},{"Username":"kenna_dog730","Display Name":"𝙈𝙖𝙠𝙚𝙣𝙣𝙖<3","Creation Timestamp":"2022-04-25 19:05:56 UTC","Last Modified Timestamp":"2022-04-25 19:11:37 UTC","Source":"added by suggested"},{"Username":"paola_uft","Display Name":"Paola👜","Creation Timestamp":"2022-05-02 23:12:40 UTC","Last Modified Timestamp":"2022-05-02 23:12:40 UTC","Source":"added by username"},{"Username":"lolandajdy","Display Name":"Luci","Creation Timestamp":"2022-04-25 18:52:46 UTC","Last Modified Timestamp":"2022-04-25 19:03:19 UTC","Source":"added by suggested"},{"Username":"belsim_moi19","Display Name":"𝘿𝙐𝘽𝘼𝙄.𝙥𝙚𝙖𝙘𝙝𝙮❤️‍🩹","Creation Timestamp":"2021-12-02 06:31:04 UTC","Last Modified Timestamp":"2021-12-02 06:31:04 UTC","Source":"added by qr code"},{"Username":"itachiuchiwa011","Display Name":"Queen 👑","Creation Timestamp":"2022-07-23 19:56:06 UTC","Last Modified Timestamp":"2022-07-23 19:56:06 UTC","Source":"added by display name"},{"Username":"jasmineoliv2894","Display Name":"Jasmine Olivier","Creation Timestamp":"2021-11-22 21:09:44 UTC","Last Modified Timestamp":"2021-11-22 21:09:44 UTC","Source":"added by qr code"},{"Username":"tesaoc181427","Display Name":"Charlie🐙","Creation Timestamp":"2021-07-13 14:12:01 UTC","Last Modified Timestamp":"2021-07-13 14:12:01 UTC","Source":"added by qr code"},{"Username":"clarouche_ax","Display Name":"Cl♡r♡","Creation Timestamp":"2021-07-12 23:53:41 UTC","Last Modified Timestamp":"2021-07-13 09:59:15 UTC","Source":"added by qr code"},{"Username":"nolwennschu2021","Display Name":"nolwenn schuwer","Creation Timestamp":"2022-04-25 12:21:26 UTC","Last Modified Timestamp":"2022-04-25 12:21:26 UTC","Source":"added by display name"},{"Username":"atrenipi7","Display Name":"marine N..","Creation Timestamp":"2021-07-12 23:58:25 UTC","Last Modified Timestamp":"2021-07-13 00:13:57 UTC","Source":"added by qr code"},{"Username":"clrsm_l","Display Name":"🕺","Creation Timestamp":"2022-06-04 10:49:04 UTC","Last Modified Timestamp":"2022-06-04 10:49:04 UTC","Source":"added by qr code"},{"Username":"pdupis20","Display Name":"","Creation Timestamp":"2022-03-20 02:13:37 UTC","Last Modified Timestamp":"2022-03-20 02:13:37 UTC","Source":"added by username"},{"Username":"evva.mtx","Display Name":"Eva Mateux","Creation Timestamp":"2022-05-10 20:20:25 UTC","Last Modified Timestamp":"2022-05-10 20:20:25 UTC","Source":"added by username"},{"Username":"richsex234","Display Name":"","Creation Timestamp":"2021-08-02 21:17:25 UTC","Last Modified Timestamp":"2021-08-02 21:17:25 UTC","Source":"added by qr code"},{"Username":"peytonm4321","Display Name":"Peyton Monroe","Creation Timestamp":"2022-04-25 19:05:44 UTC","Last Modified Timestamp":"2022-04-25 19:05:44 UTC","Source":"added by suggested"},{"Username":"twinsluts","Display Name":"","Creation Timestamp":"2022-03-20 02:26:14 UTC","Last Modified Timestamp":"2022-03-20 02:26:14 UTC","Source":"added by qr code"},{"Username":"budder_zen","Display Name":"🌹Hayley🌹","Creation Timestamp":"2021-11-22 19:40:39 UTC","Last Modified Timestamp":"2021-11-22 19:40:39 UTC","Source":"added by display name"},{"Username":"emma.drtt","Display Name":"","Creation Timestamp":"2022-04-06 10:56:21 UTC","Last Modified Timestamp":"2022-04-06 10:56:21 UTC","Source":"added by username"},{"Username":"olange","Display Name":"Olivia Lange","Creation Timestamp":"2022-05-04 15:47:05 UTC","Last Modified Timestamp":"2022-05-04 15:47:05 UTC","Source":"added by qr code"},{"Username":"lalie8647","Display Name":"Lalie 🏳️‍🌈❤️","Creation Timestamp":"2021-07-12 23:51:36 UTC","Last Modified Timestamp":"2021-07-12 23:51:36 UTC","Source":"added by qr code"},{"Username":"clarajustemoi","Display Name":"@Claaª","Creation Timestamp":"2022-04-14 20:00:02 UTC","Last Modified Timestamp":"2022-04-14 20:20:43 UTC","Source":"added by unknown"},{"Username":"madeleinecornis","Display Name":"Madd 👻","Creation Timestamp":"2021-10-23 16:38:27 UTC","Last Modified Timestamp":"2022-03-17 20:15:56 UTC","Source":"added by qr code"},{"Username":"buttsnvlogs","Display Name":"Lana Rhoades","Creation Timestamp":"2021-11-12 00:11:47 UTC","Last Modified Timestamp":"2021-11-12 00:11:47 UTC","Source":"added by username"},{"Username":"zahima69","Display Name":"","Creation Timestamp":"2021-10-23 16:57:36 UTC","Last Modified Timestamp":"2021-10-23 16:57:36 UTC","Source":"added by unknown"},{"Username":"natachavera","Display Name":"","Creation Timestamp":"2022-04-29 11:47:59 UTC","Last Modified Timestamp":"2022-04-29 11:47:59 UTC","Source":"added by username"},{"Username":"sachihc21","Display Name":"","Creation Timestamp":"2021-11-22 21:08:28 UTC","Last Modified Timestamp":"2021-11-23 02:25:24 UTC","Source":"added by qr code"},{"Username":"specourt29","Display Name":"Sam ❤️","Creation Timestamp":"2022-05-01 07:02:11 UTC","Last Modified Timestamp":"2022-05-01 07:02:11 UTC","Source":"added by qr code"},{"Username":"eryaxxx","Display Name":"Erya van IJzerloo","Creation Timestamp":"2022-03-20 02:17:34 UTC","Last Modified Timestamp":"2022-04-02 20:37:41 UTC","Source":"added by display name"},{"Username":"zfatiha108","Display Name":"𝔏'𝔞𝔩𝔤𝔢𝔯𝔦𝔢𝔫𝔫𝔢","Creation Timestamp":"2021-07-26 15:07:53 UTC","Last Modified Timestamp":"2021-07-28 10:19:45 UTC","Source":"added by qr code"},{"Username":"dez.2022","Display Name":"Dez😵‍💫","Creation Timestamp":"2022-04-25 19:06:07 UTC","Last Modified Timestamp":"2022-04-25 19:06:07 UTC","Source":"added by suggested"},{"Username":"lyssa_rose28","Display Name":"Lyssarosexoxo","Creation Timestamp":"2021-07-27 22:16:39 UTC","Last Modified Timestamp":"2021-07-27 22:16:39 UTC","Source":"added by display name"},{"Username":"juli_abt22","Display Name":"Juu","Creation Timestamp":"2022-07-18 17:10:45 UTC","Last Modified Timestamp":"2022-07-18 17:10:45 UTC","Source":"added from public profile"},{"Username":"estelle27291","Display Name":"Estelle ✨","Creation Timestamp":"2021-07-12 23:58:30 UTC","Last Modified Timestamp":"2021-07-13 07:13:53 UTC","Source":"added by qr code"},{"Username":"darckson","Display Name":"jeckson","Creation Timestamp":"2021-12-14 13:58:15 UTC","Last Modified Timestamp":"2021-12-14 13:58:15 UTC","Source":"added by qr code"},{"Username":"tiffaniegurl","Display Name":"Tiffanie L","Creation Timestamp":"2022-03-20 02:23:59 UTC","Last Modified Timestamp":"2022-03-20 02:23:59 UTC","Source":"added by qr code"},{"Username":"sacha3062","Display Name":"Sacha🏳️‍🌈","Creation Timestamp":"2021-07-26 20:32:56 UTC","Last Modified Timestamp":"2021-08-03 13:08:46 UTC","Source":"added by qr code"},{"Username":"lolita_mlove94","Display Name":"Cute😽","Creation Timestamp":"2021-07-13 13:09:02 UTC","Last Modified Timestamp":"2021-07-13 13:09:02 UTC","Source":"added by qr code"},{"Username":"maeva_gomora","Display Name":"Gomora 🥂","Creation Timestamp":"2022-04-26 19:49:36 UTC","Last Modified Timestamp":"2022-04-26 19:49:36 UTC","Source":"added by display name"},{"Username":"cynthiaplt21","Display Name":"Cynthia🎀","Creation Timestamp":"2022-04-25 18:45:30 UTC","Last Modified Timestamp":"2022-04-25 18:53:21 UTC","Source":"added by suggested"},{"Username":"nini","Display Name":"","Creation Timestamp":"2022-05-31 12:42:16 UTC","Last Modified Timestamp":"2022-05-31 12:42:16 UTC","Source":"added by qr code"},{"Username":"oceanelafos7254","Display Name":"Oceane😌🇮🇹","Creation Timestamp":"2021-07-13 14:10:14 UTC","Last Modified Timestamp":"2021-07-13 14:10:14 UTC","Source":"added by qr code"},{"Username":"leonie21291","Display Name":"Leonie","Creation Timestamp":"2021-11-22 21:07:33 UTC","Last Modified Timestamp":"2021-11-22 21:07:33 UTC","Source":"added by qr code"},{"Username":"amelie22587","Display Name":"Amélie 31","Creation Timestamp":"2022-04-28 18:09:15 UTC","Last Modified Timestamp":"2022-04-28 18:09:15 UTC","Source":"added by username"},{"Username":"saara_bendada","Display Name":"sara bendada","Creation Timestamp":"2021-11-22 21:06:37 UTC","Last Modified Timestamp":"2021-11-22 21:06:37 UTC","Source":"added by qr code"},{"Username":"alesiarobbes","Display Name":"Alésia 🥴","Creation Timestamp":"2022-07-24 14:05:17 UTC","Last Modified Timestamp":"2022-07-31 13:38:51 UTC","Source":"added by username"},{"Username":"emilyy21702","Display Name":"emilyy75012","Creation Timestamp":"2021-11-22 20:16:14 UTC","Last Modified Timestamp":"2021-11-22 20:16:14 UTC","Source":"added by display name"},{"Username":"sexyemma9105","Display Name":"","Creation Timestamp":"2022-03-20 02:14:58 UTC","Last Modified Timestamp":"2022-03-20 02:14:58 UTC","Source":"added by username"},{"Username":"celia.letourneu","Display Name":"Célia✨","Creation Timestamp":"2022-04-25 18:45:30 UTC","Last Modified Timestamp":"2022-04-25 18:45:30 UTC","Source":"added by suggested"},{"Username":"lea_fox2021","Display Name":"Léa Fox","Creation Timestamp":"2021-07-12 12:13:11 UTC","Last Modified Timestamp":"2021-07-12 12:13:11 UTC","Source":"added by qr code"},{"Username":"victoria-jn","Display Name":"Bibi 🇩🇿","Creation Timestamp":"2022-04-28 13:31:15 UTC","Last Modified Timestamp":"2022-04-28 13:31:15 UTC","Source":"added by qr code"},{"Username":"david.boyer66","Display Name":"David","Creation Timestamp":"2021-06-09 09:25:24 UTC","Last Modified Timestamp":"2022-04-21 13:11:56 UTC","Source":"added by added me back"},{"Username":"niki_qs","Display Name":"Niki🦋","Creation Timestamp":"2022-04-25 18:45:26 UTC","Last Modified Timestamp":"2022-04-25 18:45:26 UTC","Source":"added by suggested"},{"Username":"destini_r20","Display Name":"Destini Renee","Creation Timestamp":"2022-04-25 19:06:05 UTC","Last Modified Timestamp":"2022-04-25 19:06:05 UTC","Source":"added by suggested"},{"Username":"ninaaaa667","Display Name":"Nina 🍎","Creation Timestamp":"2022-04-25 18:45:16 UTC","Last Modified Timestamp":"2022-04-25 18:45:16 UTC","Source":"added by suggested"},{"Username":"johannadebut22","Display Name":"Enrick Johanna ❤️💍","Creation Timestamp":"2022-05-28 15:49:19 UTC","Last Modified Timestamp":"2022-05-28 15:49:19 UTC","Source":"added by qr code"},{"Username":"sophieduval2598","Display Name":"Sophie\n\nDuval","Creation Timestamp":"2021-11-22 21:07:55 UTC","Last Modified Timestamp":"2021-11-22 21:07:55 UTC","Source":"added from public profile"},{"Username":"byztnnc_5","Display Name":"Beyza🀄️","Creation Timestamp":"2022-04-25 18:52:49 UTC","Last Modified Timestamp":"2022-04-26 04:15:19 UTC","Source":"added by suggested"},{"Username":"leane772007","Display Name":"Léane Dgr","Creation Timestamp":"2021-07-30 08:15:14 UTC","Last Modified Timestamp":"2021-08-03 15:35:44 UTC","Source":"added by qr code"},{"Username":"justine_fouln","Display Name":"Justine","Creation Timestamp":"2021-07-30 16:38:30 UTC","Last Modified Timestamp":"2021-07-30 16:38:30 UTC","Source":"added by qr code"},{"Username":"annie","Display Name":"","Creation Timestamp":"2022-04-26 12:39:30 UTC","Last Modified Timestamp":"2022-04-26 12:39:30 UTC","Source":"added by qr code"},{"Username":"abigailhensley3","Display Name":"Abigail","Creation Timestamp":"2022-04-25 19:05:59 UTC","Last Modified Timestamp":"2022-04-25 19:05:59 UTC","Source":"added by suggested"},{"Username":"jessifflet","Display Name":"Jess sfflt ☆","Creation Timestamp":"2022-05-08 18:03:29 UTC","Last Modified Timestamp":"2022-05-09 02:33:21 UTC","Source":"added by qr code"},{"Username":"lbranger23","Display Name":"𝐿𝑖𝑙’","Creation Timestamp":"2022-04-25 21:16:59 UTC","Last Modified Timestamp":"2022-04-25 21:16:59 UTC","Source":"added by qr code"},{"Username":"non2021697","Display Name":"نور","Creation Timestamp":"2021-12-14 00:30:36 UTC","Last Modified Timestamp":"2021-12-14 00:30:36 UTC","Source":"added by qr code"},{"Username":"natalie_d24","Display Name":"Natalie DuBois","Creation Timestamp":"2022-03-05 20:03:19 UTC","Last Modified Timestamp":"2022-03-05 20:09:58 UTC","Source":"added by username"},{"Username":"rubab_lizad2021","Display Name":"Justbutterflyy","Creation Timestamp":"2022-04-03 11:33:28 UTC","Last Modified Timestamp":"2022-04-03 11:33:28 UTC","Source":"added by display name"},{"Username":"rosa_bonnet21","Display Name":"Rosa Bonnet","Creation Timestamp":"2022-03-20 02:15:40 UTC","Last Modified Timestamp":"2022-03-20 02:15:40 UTC","Source":"added by display name"},{"Username":"noemie.aigles","Display Name":"Noémie ✨","Creation Timestamp":"2022-04-08 17:24:30 UTC","Last Modified Timestamp":"2022-04-08 17:25:36 UTC","Source":"added by display name"},{"Username":"sarah_pvris7555","Display Name":"sarah pvris","Creation Timestamp":"2022-03-01 11:09:14 UTC","Last Modified Timestamp":"2022-03-20 02:10:35 UTC","Source":"added by display name"},{"Username":"zbigniewww","Display Name":"Bailla 🙏","Creation Timestamp":"2021-11-26 12:49:14 UTC","Last Modified Timestamp":"2021-11-26 12:49:14 UTC","Source":"added by qr code"},{"Username":"haleyrw6","Display Name":"haley :)","Creation Timestamp":"2022-04-25 19:05:41 UTC","Last Modified Timestamp":"2022-04-25 19:05:41 UTC","Source":"added by suggested"},{"Username":"alice_caas","Display Name":"Louise Blais","Creation Timestamp":"2022-04-20 17:50:04 UTC","Last Modified Timestamp":"2022-04-20 17:50:04 UTC","Source":"added by username"},{"Username":"loolaa_dps","Display Name":"Lola Dupuis","Creation Timestamp":"2021-11-22 21:06:07 UTC","Last Modified Timestamp":"2021-11-22 21:06:07 UTC","Source":"added by qr code"},{"Username":"ness_imi75","Display Name":"Inès ❤️","Creation Timestamp":"2022-10-18 11:27:37 UTC","Last Modified Timestamp":"2022-10-18 11:27:37 UTC","Source":"added by display name"},{"Username":"nathalie_d24","Display Name":"nathalie diepstraten","Creation Timestamp":"2022-03-05 20:03:39 UTC","Last Modified Timestamp":"2022-03-05 20:03:39 UTC","Source":"added by username"},{"Username":"juliiettee0","Display Name":"juliette","Creation Timestamp":"2021-11-30 16:54:27 UTC","Last Modified Timestamp":"2021-11-30 16:54:27 UTC","Source":"added by qr code"},{"Username":"eulalie358","Display Name":"Eulalie L.","Creation Timestamp":"2022-03-23 20:49:49 UTC","Last Modified Timestamp":"2022-03-23 20:49:49 UTC","Source":"added by qr code"},{"Username":"inesse37","Display Name":"Malycia 🦢🕷️","Creation Timestamp":"2022-04-30 08:35:23 UTC","Last Modified Timestamp":"2022-04-30 08:35:23 UTC","Source":"added by username"},{"Username":"jimin-marinne","Display Name":"Marinne","Creation Timestamp":"2022-04-25 18:52:52 UTC","Last Modified Timestamp":"2022-04-25 18:52:52 UTC","Source":"added by suggested"},{"Username":"jennyvoyage","Display Name":"Jenny 🎈","Creation Timestamp":"2022-03-20 02:13:53 UTC","Last Modified Timestamp":"2022-03-20 02:13:53 UTC","Source":"added by username"},{"Username":"yoyo200854","Display Name":"يوسف العنزي","Creation Timestamp":"2022-04-26 13:35:53 UTC","Last Modified Timestamp":"2022-04-26 13:35:53 UTC","Source":"added by username"},{"Username":"feeti19","Display Name":".","Creation Timestamp":"2021-12-14 00:31:56 UTC","Last Modified Timestamp":"2021-12-15 11:04:30 UTC","Source":"added by username"},{"Username":"autumnbelt21","Display Name":"(1) 😑😔","Creation Timestamp":"2022-03-28 22:33:17 UTC","Last Modified Timestamp":"2022-03-28 22:33:17 UTC","Source":"added by qr code"},{"Username":"kathiaah13","Display Name":"👾👾","Creation Timestamp":"2022-07-23 19:05:40 UTC","Last Modified Timestamp":"2022-07-23 19:05:40 UTC","Source":"added by username"},{"Username":"anais3.00","Display Name":"Thomas BL","Creation Timestamp":"2021-07-13 14:12:46 UTC","Last Modified Timestamp":"2021-07-13 14:12:46 UTC","Source":"added by qr code"},{"Username":"gpaulo710","Display Name":"Gwd 🧞‍♀️","Creation Timestamp":"2021-07-18 14:11:06 UTC","Last Modified Timestamp":"2021-07-22 07:19:02 UTC","Source":"added by added me back"},{"Username":"mrn_oceeane","Display Name":"Océane","Creation Timestamp":"2022-05-03 16:37:36 UTC","Last Modified Timestamp":"2022-05-03 16:37:36 UTC","Source":"added by qr code"},{"Username":"elx_adx","Display Name":"eloo","Creation Timestamp":"2021-11-25 23:05:59 UTC","Last Modified Timestamp":"2021-11-25 23:05:59 UTC","Source":"added by qr code"},{"Username":"madeline_yng","Display Name":"Madeline","Creation Timestamp":"2022-07-24 01:07:21 UTC","Last Modified Timestamp":"2022-07-24 01:07:21 UTC","Source":"added by username"},{"Username":"zoeandrieu","Display Name":"Zoé","Creation Timestamp":"2022-05-10 20:00:16 UTC","Last Modified Timestamp":"2022-05-10 20:00:16 UTC","Source":"added by username"},{"Username":"erinsol2007","Display Name":"Erin.slvs","Creation Timestamp":"2021-07-14 12:11:39 UTC","Last Modified Timestamp":"2021-07-14 12:26:34 UTC","Source":"added by qr code"},{"Username":"princesse3660","Display Name":"Yasmine ✌🏼🧡","Creation Timestamp":"2021-07-13 00:08:58 UTC","Last Modified Timestamp":"2021-07-13 00:08:58 UTC","Source":"added by qr code"},{"Username":"clara-chne","Display Name":"Clarachienne","Creation Timestamp":"2021-07-27 22:16:23 UTC","Last Modified Timestamp":"2021-07-27 22:16:23 UTC","Source":"added by display name"}],"Blocked Users":[{"Username":"lucrece511","Display Name":"Lucrèce","Creation Timestamp":"2022-03-25 20:39:01 UTC","Last Modified Timestamp":"2022-03-25 20:43:28 UTC","Source":"added by username"},{"Username":"didididi22582","Display Name":"Julie","Creation Timestamp":"2022-07-24 14:28:23 UTC","Last Modified Timestamp":"2022-07-24 14:28:23 UTC","Source":"added from public profile"},{"Username":"justinemnli","Display Name":"Queen 👑","Creation Timestamp":"2022-04-30 10:05:42 UTC","Last Modified Timestamp":"2022-04-30 10:09:21 UTC","Source":"added by username"},{"Username":"ariax324","Display Name":"aria","Creation Timestamp":"2021-07-29 08:51:34 UTC","Last Modified Timestamp":"2021-07-29 16:35:51 UTC","Source":"added by added me back"},{"Username":"edwigeperri6167","Display Name":"Edwige Perrin","Creation Timestamp":"2022-08-25 09:27:25 UTC","Last Modified Timestamp":"2022-08-25 15:12:59 UTC","Source":"added by added me back"},{"Username":"hornyx3976","Display Name":"","Creation Timestamp":"2021-07-30 11:11:00 UTC","Last Modified Timestamp":"2021-07-30 11:30:32 UTC","Source":"added by username"},{"Username":"alizeecahun","Display Name":"Alizée Cahun","Creation Timestamp":"2022-04-02 17:39:43 UTC","Last Modified Timestamp":"2022-04-03 13:45:56 UTC","Source":"added by display name"},{"Username":"roseenocq","Display Name":"Rose Enocq","Creation Timestamp":"2022-05-09 13:48:03 UTC","Last Modified Timestamp":"2022-05-10 19:59:43 UTC","Source":"added by qr code"},{"Username":"anai4s","Display Name":"Anaïs®️","Creation Timestamp":"2021-12-07 11:40:44 UTC","Last Modified Timestamp":"2022-04-21 17:26:29 UTC","Source":"added by username"},{"Username":"bunn.ypassion40","Display Name":"","Creation Timestamp":"2022-05-01 15:15:22 UTC","Last Modified Timestamp":"2022-05-01 15:15:22 UTC","Source":"added by unknown"},{"Username":"fleurviens2021","Display Name":"Fleur Viens","Creation Timestamp":"2021-07-30 12:49:50 UTC","Last Modified Timestamp":"2021-07-30 12:52:24 UTC","Source":"added by added me back"},{"Username":"adeline7743","Display Name":"Adrline Lafouine","Creation Timestamp":"2022-04-19 16:55:41 UTC","Last Modified Timestamp":"2022-04-20 07:13:54 UTC","Source":"added by username"},{"Username":"myriamdali22","Display Name":"myriam Dali","Creation Timestamp":"2022-03-16 17:01:57 UTC","Last Modified Timestamp":"2022-04-15 07:12:11 UTC","Source":"added by username"},{"Username":"leotina_dupon","Display Name":"Leotina Dupon","Creation Timestamp":"2022-04-27 21:37:59 UTC","Last Modified Timestamp":"2022-04-28 17:10:05 UTC","Source":"added by username"},{"Username":"mcau917","Display Name":"Marie👀","Creation Timestamp":"2022-04-27 09:31:07 UTC","Last Modified Timestamp":"2022-04-28 13:31:25 UTC","Source":"added by username"},{"Username":"juliettejuju16","Display Name":"Juliette🌙","Creation Timestamp":"2022-05-12 14:39:41 UTC","Last Modified Timestamp":"2022-05-12 14:45:54 UTC","Source":"added by username"},{"Username":"arianelesch2","Display Name":"Ariane Lesch","Creation Timestamp":"2021-11-23 10:26:08 UTC","Last Modified Timestamp":"2021-11-25 14:42:53 UTC","Source":"added by unknown"},{"Username":"cocorico1480","Display Name":"Corentin Senden","Creation Timestamp":"2022-04-28 15:17:24 UTC","Last Modified Timestamp":"2022-04-30 09:44:20 UTC","Source":"added by added me back"},{"Username":"dadalevrai49","Display Name":"🦁🥷//Bene //🇹🇷🐺","Creation Timestamp":"2021-07-20 19:14:52 UTC","Last Modified Timestamp":"2021-12-02 17:12:11 UTC","Source":"added by username"},{"Username":"natachahardy22","Display Name":"Natacha Hardy","Creation Timestamp":"2022-03-01 12:16:27 UTC","Last Modified Timestamp":"2022-03-01 12:53:28 UTC","Source":"added by username"},{"Username":"lhenrard7","Display Name":"L&S&E❤️ Mes Vies ❤😍💋","Creation Timestamp":"2022-07-03 18:20:45 UTC","Last Modified Timestamp":"2022-07-05 18:50:36 UTC","Source":"added by unknown"},{"Username":"itsjamiebaby005","Display Name":"Jamie❤️","Creation Timestamp":"2022-04-25 19:05:49 UTC","Last Modified Timestamp":"2022-10-23 13:07:48 UTC","Source":"added by suggested"},{"Username":"jaehayes77","Display Name":"Jae🂱","Creation Timestamp":"2022-04-25 19:05:57 UTC","Last Modified Timestamp":"2022-04-25 19:41:58 UTC","Source":"added by suggested"},{"Username":"dia_mira1","Display Name":"Dia Mira","Creation Timestamp":"2022-03-28 22:05:48 UTC","Last Modified Timestamp":"2022-03-28 22:32:22 UTC","Source":"added by display name"},{"Username":"elenatheva","Display Name":"Elena Theva","Creation Timestamp":"2022-06-05 15:33:26 UTC","Last Modified Timestamp":"2022-06-05 16:50:34 UTC","Source":"added by username"},{"Username":"weslene19","Display Name":"weslene 509❤️🇭🇹","Creation Timestamp":"2021-07-31 01:26:43 UTC","Last Modified Timestamp":"2021-08-07 18:11:09 UTC","Source":"added by unknown"},{"Username":"elena_d8037","Display Name":"Escorte_durand","Creation Timestamp":"2021-08-02 19:47:49 UTC","Last Modified Timestamp":"2021-08-02 19:54:15 UTC","Source":"added by username"},{"Username":"mathilde8604","Display Name":"Mathilde 🇵🇹/✝️","Creation Timestamp":"2022-06-05 23:25:52 UTC","Last Modified Timestamp":"2022-06-06 12:00:43 UTC","Source":"added by qr code"},{"Username":"genta_ponari","Display Name":"🦅~🇦🇱","Creation Timestamp":"2022-04-25 18:52:41 UTC","Last Modified Timestamp":"2022-04-30 20:08:49 UTC","Source":"added by suggested"},{"Username":"dannaortega03","Display Name":"paola 🍒","Creation Timestamp":"2022-04-25 18:52:44 UTC","Last Modified Timestamp":"2022-04-25 19:22:33 UTC","Source":"added by suggested"},{"Username":"lola_oliant","Display Name":"lola oliant","Creation Timestamp":"2022-03-27 15:26:52 UTC","Last Modified Timestamp":"2022-04-14 20:25:13 UTC","Source":"added by unknown"},{"Username":"natacha_lema21","Display Name":"Natacha Lema","Creation Timestamp":"2022-03-03 14:29:58 UTC","Last Modified Timestamp":"2022-03-03 15:05:24 UTC","Source":"added by username"},{"Username":"kylie_day20","Display Name":"Kylie🖤","Creation Timestamp":"2022-04-25 19:06:02 UTC","Last Modified Timestamp":"2022-04-25 21:01:46 UTC","Source":"added by suggested"},{"Username":"emonk4680","Display Name":"Angel Natasa","Creation Timestamp":"2021-07-29 14:33:27 UTC","Last Modified Timestamp":"2021-07-29 23:18:32 UTC","Source":"added by added me back"},{"Username":"caroline_662","Display Name":"Caroline 🏴‍☠️🖤","Creation Timestamp":"2022-07-04 12:03:55 UTC","Last Modified Timestamp":"2022-07-04 12:03:55 UTC","Source":"added from public profile"},{"Username":"jenshen34","Display Name":"jane","Creation Timestamp":"2022-04-25 18:52:39 UTC","Last Modified Timestamp":"2022-04-25 22:25:03 UTC","Source":"added by suggested"},{"Username":"helenaperrin2","Display Name":"H E L E N A 🇫🇷","Creation Timestamp":"2022-03-26 15:44:39 UTC","Last Modified Timestamp":"2022-03-27 00:00:44 UTC","Source":"added by username"},{"Username":"maevahry1","Display Name":"Maëva ❀","Creation Timestamp":"2022-05-04 22:02:35 UTC","Last Modified Timestamp":"2022-05-06 19:19:23 UTC","Source":"added by qr code"},{"Username":"vadisaxx","Display Name":"Lola 💋 PlanQ","Creation Timestamp":"2022-03-20 02:11:02 UTC","Last Modified Timestamp":"2022-04-14 20:24:51 UTC","Source":"added by username"},{"Username":"elb45lol","Display Name":"Eugénie","Creation Timestamp":"2022-04-25 18:52:39 UTC","Last Modified Timestamp":"2022-04-30 09:15:35 UTC","Source":"added by suggested"},{"Username":"chloegnz77","Display Name":"Stecy Luxe 💳","Creation Timestamp":"2022-05-30 21:19:24 UTC","Last Modified Timestamp":"2022-05-30 21:28:42 UTC","Source":"added by unknown"},{"Username":"coquinesssex","Display Name":"Coquine Célibataire 💋💋💋💋💋","Creation Timestamp":"2022-03-20 02:19:01 UTC","Last Modified Timestamp":"2022-03-26 16:56:19 UTC","Source":"added by qr code"},{"Username":"louisabenslim22","Display Name":"Louisa Benslimane","Creation Timestamp":"2022-10-16 12:11:34 UTC","Last Modified Timestamp":"2022-10-16 12:12:04 UTC","Source":"added by username"},{"Username":"l_martin22156","Display Name":"Lia Martin","Creation Timestamp":"2022-07-23 19:22:22 UTC","Last Modified Timestamp":"2022-07-24 14:04:38 UTC","Source":"added by username"},{"Username":"jenifertassin","Display Name":"Jenifer Tassin","Creation Timestamp":"2022-06-01 20:39:03 UTC","Last Modified Timestamp":"2022-06-02 07:24:03 UTC","Source":"added by display name"},{"Username":"justineroger237","Display Name":"Justine Roger","Creation Timestamp":"2021-12-27 17:46:58 UTC","Last Modified Timestamp":"2021-12-27 18:15:12 UTC","Source":"added by added me back"},{"Username":"mirabelletheis2","Display Name":"Mirabelle Theis","Creation Timestamp":"2022-06-30 22:17:29 UTC","Last Modified Timestamp":"2022-06-30 22:33:47 UTC","Source":"added from public profile"},{"Username":"awesome.drer","Display Name":"","Creation Timestamp":"2022-05-19 17:49:56 UTC","Last Modified Timestamp":"2022-05-19 17:49:56 UTC","Source":"added by unknown"},{"Username":"leacoconuts","Display Name":"Lélé 🧸","Creation Timestamp":"2022-05-30 18:30:16 UTC","Last Modified Timestamp":"2022-06-03 16:34:28 UTC","Source":"added by qr code"},{"Username":"babylove2198929","Display Name":"Baby love","Creation Timestamp":"2021-11-06 14:59:32 UTC","Last Modified Timestamp":"2021-11-06 15:04:29 UTC","Source":"added by added me back"},{"Username":"babylove2198986","Display Name":"Baby love","Creation Timestamp":"2021-11-06 14:59:35 UTC","Last Modified Timestamp":"2021-11-06 15:04:22 UTC","Source":"added by added me back"},{"Username":"porn","Display Name":"","Creation Timestamp":"2021-05-31 22:09:01 UTC","Last Modified Timestamp":"2021-05-31 22:09:01 UTC","Source":"added by unknown"},{"Username":"m6l_h","Display Name":"Mel’ 🧞‍♀️","Creation Timestamp":"2022-04-27 18:36:42 UTC","Last Modified Timestamp":"2022-04-27 18:43:48 UTC","Source":"added by username"},{"Username":"hotgirl17x","Display Name":"Jessica","Creation Timestamp":"2021-07-28 20:46:44 UTC","Last Modified Timestamp":"2021-07-28 21:06:30 UTC","Source":"added by username"},{"Username":"loral227177","Display Name":"Juliette _sesy","Creation Timestamp":"2022-10-15 15:03:50 UTC","Last Modified Timestamp":"2022-10-15 16:44:05 UTC","Source":"added by username"},{"Username":"warizakorede22","Display Name":"Alex❤sarah","Creation Timestamp":"2022-03-28 22:34:32 UTC","Last Modified Timestamp":"2022-03-29 20:41:25 UTC","Source":"added by qr code"},{"Username":"kenza_clark","Display Name":"kenza🦋","Creation Timestamp":"2022-04-25 18:45:10 UTC","Last Modified Timestamp":"2022-04-25 18:49:26 UTC","Source":"added by suggested"},{"Username":"elise_lig09","Display Name":"❤️ Marie ❤️","Creation Timestamp":"2022-06-21 18:22:48 UTC","Last Modified Timestamp":"2022-06-21 19:08:43 UTC","Source":"added by unknown"},{"Username":"melissatiagoval","Display Name":"𝕄𝕦𝕞.𝕠𝕗.𝕠𝕟𝕖.𝕓𝕒𝕓𝕪❤️🌸","Creation Timestamp":"2022-05-12 05:52:19 UTC","Last Modified Timestamp":"2022-05-12 14:46:10 UTC","Source":"added by qr code"},{"Username":"zahialareine","Display Name":"Zahia 🦋👑","Creation Timestamp":"2022-04-29 20:50:19 UTC","Last Modified Timestamp":"2022-04-30 09:44:11 UTC","Source":"added by qr code"},{"Username":"meivexava","Display Name":"","Creation Timestamp":"2022-05-02 20:43:06 UTC","Last Modified Timestamp":"2022-05-07 08:32:13 UTC","Source":"added by qr code"},{"Username":"emiliecprt","Display Name":"emilie 👠","Creation Timestamp":"2022-06-20 17:12:58 UTC","Last Modified Timestamp":"2022-06-20 17:33:57 UTC","Source":"added by username"},{"Username":"justinou25","Display Name":"Ju 🍭","Creation Timestamp":"2022-04-27 14:35:57 UTC","Last Modified Timestamp":"2022-04-27 14:36:38 UTC","Source":"added by qr code"},{"Username":"ariananudeuse","Display Name":"Ariana Hazel","Creation Timestamp":"2022-04-14 20:20:35 UTC","Last Modified Timestamp":"2022-04-15 07:11:51 UTC","Source":"added by username"},{"Username":"emmagroum","Display Name":"Emma 🦋","Creation Timestamp":"2022-04-27 18:33:45 UTC","Last Modified Timestamp":"2022-04-27 18:37:27 UTC","Source":"added by unknown"},{"Username":"naiara7313","Display Name":"꧁༒❤️N҈A҈I҈A҈R҈A҈❤️༒꧂","Creation Timestamp":"2021-07-16 07:42:35 UTC","Last Modified Timestamp":"2021-07-16 10:33:43 UTC","Source":"added by qr code"},{"Username":"aliyab942","Display Name":"Aliyab54","Creation Timestamp":"2022-03-27 10:05:09 UTC","Last Modified Timestamp":"2022-03-27 10:15:39 UTC","Source":"added by qr code"},{"Username":"l_mirabelle20","Display Name":"Lyah Mirabelle","Creation Timestamp":"2021-08-02 20:21:26 UTC","Last Modified Timestamp":"2021-08-02 20:28:50 UTC","Source":"added by username"},{"Username":"juliav4410","Display Name":"Julia","Creation Timestamp":"2022-04-25 19:06:01 UTC","Last Modified Timestamp":"2022-04-30 09:57:28 UTC","Source":"added by suggested"},{"Username":"julie201106","Display Name":"julie","Creation Timestamp":"2022-03-26 16:17:44 UTC","Last Modified Timestamp":"2022-10-15 13:32:32 UTC","Source":"added by qr code"},{"Username":"yasminedenis11","Display Name":"Yasmine Denis","Creation Timestamp":"2021-12-27 21:28:30 UTC","Last Modified Timestamp":"2021-12-27 21:29:08 UTC","Source":"added by added me back"},{"Username":"meylindanurhl5","Display Name":"Mey linda","Creation Timestamp":"2022-04-25 18:52:45 UTC","Last Modified Timestamp":"2022-05-05 17:39:04 UTC","Source":"added by suggested"},{"Username":"sexychems4821","Display Name":"Sexy Chems","Creation Timestamp":"2021-07-12 21:16:03 UTC","Last Modified Timestamp":"2021-07-12 21:20:40 UTC","Source":"added by added me back"},{"Username":"avataredevertou","Display Name":"Manon Hidier","Creation Timestamp":"2021-07-12 21:08:38 UTC","Last Modified Timestamp":"2021-08-08 20:56:13 UTC","Source":"added by added me back"},{"Username":"leana_chienne","Display Name":"Leana Leana","Creation Timestamp":"2022-04-26 09:17:55 UTC","Last Modified Timestamp":"2022-04-26 19:47:02 UTC","Source":"added by qr code"},{"Username":"reliable7597","Display Name":"Reliable ❤️❤️","Creation Timestamp":"2021-11-25 10:30:52 UTC","Last Modified Timestamp":"2021-12-12 21:51:25 UTC","Source":"added by added me back"},{"Username":"hayley_w133","Display Name":"Hayley 🌹","Creation Timestamp":"2021-11-22 19:38:50 UTC","Last Modified Timestamp":"2021-12-22 20:37:04 UTC","Source":"added by qr code"},{"Username":"maria_lyks22","Display Name":"Maria Lyks","Creation Timestamp":"2022-08-27 09:02:42 UTC","Last Modified Timestamp":"2022-08-27 14:57:15 UTC","Source":"added by added me back"},{"Username":"lucy20us","Display Name":"༒Lucy༆🔥","Creation Timestamp":"2021-07-31 12:34:44 UTC","Last Modified Timestamp":"2021-08-01 14:55:44 UTC","Source":"added by username"},{"Username":"laurinelaura22","Display Name":"","Creation Timestamp":"2022-03-23 20:46:16 UTC","Last Modified Timestamp":"2022-03-23 20:52:44 UTC","Source":"added by qr code"},{"Username":"carine_lemot2","Display Name":"Carine Lemot","Creation Timestamp":"2022-06-24 19:34:31 UTC","Last Modified Timestamp":"2022-06-24 21:50:03 UTC","Source":"added by qr code"},{"Username":"leilababe21","Display Name":"Leila🙈❤️ Babe","Creation Timestamp":"2021-11-27 06:50:17 UTC","Last Modified Timestamp":"2021-11-27 12:18:13 UTC","Source":"added by qr code"},{"Username":"tre_r5","Display Name":"","Creation Timestamp":"2021-07-29 16:31:33 UTC","Last Modified Timestamp":"2021-07-29 16:31:33 UTC","Source":"added by unknown"},{"Username":"m73723s","Display Name":"Viktoria ML","Creation Timestamp":"2022-04-24 15:08:54 UTC","Last Modified Timestamp":"2022-05-04 10:39:30 UTC","Source":"added by display name"},{"Username":"rachelle4779","Display Name":"Rachelle","Creation Timestamp":"2022-06-29 16:43:54 UTC","Last Modified Timestamp":"2022-06-29 16:51:43 UTC","Source":"added by username"},{"Username":"s_loucia20","Display Name":"sarah loucia","Creation Timestamp":"2021-10-23 16:36:44 UTC","Last Modified Timestamp":"2022-04-14 20:24:56 UTC","Source":"added by qr code"},{"Username":"petite123456","Display Name":"kimberly","Creation Timestamp":"2022-05-08 15:51:34 UTC","Last Modified Timestamp":"2022-05-12 14:50:38 UTC","Source":"added by qr code"},{"Username":"linn_k9445","Display Name":"Linn K","Creation Timestamp":"2021-07-30 16:31:58 UTC","Last Modified Timestamp":"2021-07-30 21:18:25 UTC","Source":"added by qr code"},{"Username":"kyraanichole","Display Name":"Kyraa Nichole","Creation Timestamp":"2021-11-25 07:54:39 UTC","Last Modified Timestamp":"2021-11-25 14:47:40 UTC","Source":"added by unknown"},{"Username":"ellidethramirez","Display Name":"Ellideth Ramirez","Creation Timestamp":"2022-08-23 23:11:01 UTC","Last Modified Timestamp":"2022-08-28 06:44:01 UTC","Source":"added by added me back"},{"Username":"laura_lelievr21","Display Name":"Laura Lelievre","Creation Timestamp":"2021-11-16 12:13:35 UTC","Last Modified Timestamp":"2021-11-16 21:12:37 UTC","Source":"added by unknown"},{"Username":"karla_s21117","Display Name":"Karla Sabrina","Creation Timestamp":"2022-04-18 22:19:28 UTC","Last Modified Timestamp":"2022-04-18 22:31:10 UTC","Source":"added by display name"},{"Username":"ariellediabe","Display Name":"Ariellelove22","Creation Timestamp":"2022-06-28 21:23:34 UTC","Last Modified Timestamp":"2022-06-28 22:04:19 UTC","Source":"added by username"},{"Username":"kinberlyssilvan","Display Name":"","Creation Timestamp":"2022-06-21 15:24:24 UTC","Last Modified Timestamp":"2022-06-21 16:44:45 UTC","Source":"added by username"}],"Deleted Friends":[{"Username":"theresaescort20","Display Name":"","Creation Timestamp":"2022-03-20 02:13:10 UTC","Last Modified Timestamp":"2022-04-03 12:13:39 UTC","Source":"added by username"},{"Username":"leanalon2707","Display Name":"𝑴𝒂𝒅𝒂𝒎𝒆𝒆💓👸🏻","Creation Timestamp":"2021-11-24 06:32:32 UTC","Last Modified Timestamp":"2021-11-25 10:30:16 UTC","Source":"added by qr code"},{"Username":"angelt22317","Display Name":"Angela","Creation Timestamp":"2022-04-24 18:36:45 UTC","Last Modified Timestamp":"2022-04-25 19:22:59 UTC","Source":"added by username"},{"Username":"emeline_s","Display Name":"emeline_s","Creation Timestamp":"2022-03-20 02:14:32 UTC","Last Modified Timestamp":"2022-05-02 23:20:05 UTC","Source":"added by username"},{"Username":"helo_diie","Display Name":"Élodie","Creation Timestamp":"2022-06-01 19:27:02 UTC","Last Modified Timestamp":"2022-06-18 12:22:05 UTC","Source":"added by username"},{"Username":"edreville20","Display Name":"𝓔𝓶𝓲𝓵𝓲𝓮🌼","Creation Timestamp":"2021-12-07 11:40:57 UTC","Last Modified Timestamp":"2021-12-16 13:37:43 UTC","Source":"added by qr code"},{"Username":"una_x2zz","Display Name":"Savou_x2z","Creation Timestamp":"2021-12-11 13:51:17 UTC","Last Modified Timestamp":"2022-03-05 18:16:40 UTC","Source":"added by username"},{"Username":"unfantome331","Display Name":"Eloise Ceraphine","Creation Timestamp":"2022-01-16 18:58:20 UTC","Last Modified Timestamp":"2022-01-17 16:49:39 UTC","Source":"added by unknown"},{"Username":"nudesskixx","Display Name":"","Creation Timestamp":"2021-06-28 16:37:15 UTC","Last Modified Timestamp":"2021-06-28 16:38:15 UTC","Source":"added by qr code"},{"Username":"savou_777","Display Name":"Savou","Creation Timestamp":"2021-12-18 16:38:40 UTC","Last Modified Timestamp":"2022-02-28 21:51:40 UTC","Source":"added by unknown"},{"Username":"saravitry","Display Name":"Sara 🇮🇷","Creation Timestamp":"2021-07-19 18:14:34 UTC","Last Modified Timestamp":"2021-07-20 22:00:12 UTC","Source":"added by qr code"},{"Username":"tip.2003","Display Name":"𝒯𝒾𝓅𝒽𝒶𝒾𝓃𝑒","Creation Timestamp":"2022-04-04 21:37:36 UTC","Last Modified Timestamp":"2022-08-01 19:00:57 UTC","Source":"added by username"},{"Username":"j_andrew4725","Display Name":"Jessica Andrew","Creation Timestamp":"2021-11-27 09:20:59 UTC","Last Modified Timestamp":"2021-11-27 10:21:11 UTC","Source":"added by added me back"},{"Username":"nunz_2006","Display Name":"Nun💤ia","Creation Timestamp":"2021-07-29 23:16:24 UTC","Last Modified Timestamp":"2021-10-24 21:40:34 UTC","Source":"added by unknown"},{"Username":"ameliegn004","Display Name":"Amelie Gn","Creation Timestamp":"2022-03-01 20:55:34 UTC","Last Modified Timestamp":"2022-03-05 18:16:48 UTC","Source":"added by added me back"},{"Username":"josephine-brt","Display Name":"josephine","Creation Timestamp":"2021-11-30 19:43:21 UTC","Last Modified Timestamp":"2022-04-03 11:24:48 UTC","Source":"added by qr code"},{"Username":"alicia_rx1","Display Name":"Alicia 🤍","Creation Timestamp":"2021-11-22 09:39:00 UTC","Last Modified Timestamp":"2021-11-23 12:41:58 UTC","Source":"added by qr code"},{"Username":"viera.laune","Display Name":"Viera 💁🏼‍♀️","Creation Timestamp":"2021-11-30 09:32:36 UTC","Last Modified Timestamp":"2022-04-02 23:52:48 UTC","Source":"added by qr code"},{"Username":"morganelbf92","Display Name":"Morganelbf92💫🖤","Creation Timestamp":"2021-08-03 21:28:03 UTC","Last Modified Timestamp":"2021-08-12 14:49:30 UTC","Source":"added by qr code"},{"Username":"winkapp","Display Name":"Wink","Creation Timestamp":"2021-07-19 16:49:53 UTC","Last Modified Timestamp":"2022-03-18 13:21:59 UTC","Source":"added by qr code"},{"Username":"lenad0608","Display Name":"Lena Desmontier","Creation Timestamp":"2021-08-08 15:03:45 UTC","Last Modified Timestamp":"2021-08-12 14:50:34 UTC","Source":"added by username"},{"Username":"zozodu1400","Display Name":"Enzo 2312","Creation Timestamp":"2022-02-21 17:49:33 UTC","Last Modified Timestamp":"2022-03-01 19:33:20 UTC","Source":"added by added me back"},{"Username":"manonlandswerd5","Display Name":"Manon","Creation Timestamp":"2021-07-23 10:08:47 UTC","Last Modified Timestamp":"2021-08-04 13:42:36 UTC","Source":"added by qr code"},{"Username":"daisyydaisee21","Display Name":"Rebecca Smith","Creation Timestamp":"2022-03-28 22:34:52 UTC","Last Modified Timestamp":"2022-04-02 15:25:33 UTC","Source":"added by qr code"},{"Username":"josycarole21","Display Name":"Josy Carole","Creation Timestamp":"2021-10-03 14:49:19 UTC","Last Modified Timestamp":"2021-10-11 20:48:17 UTC","Source":"added by unknown"},{"Username":"sarahclife","Display Name":"Sarah 🍣🍘","Creation Timestamp":"2021-07-12 23:04:18 UTC","Last Modified Timestamp":"2021-07-22 06:34:55 UTC","Source":"added by username"},{"Username":"ltrinquier2021","Display Name":"Liloo ❤️","Creation Timestamp":"2021-11-28 19:59:28 UTC","Last Modified Timestamp":"2021-12-02 17:11:33 UTC","Source":"added by qr code"},{"Username":"andrade_loisa","Display Name":"Loisa","Creation Timestamp":"2021-07-29 14:33:28 UTC","Last Modified Timestamp":"2021-08-04 13:42:29 UTC","Source":"added by added me back"},{"Username":"meloushmym","Display Name":"Meloushmym 🥵 //Screen = Ban ❌","Creation Timestamp":"2021-12-14 12:10:09 UTC","Last Modified Timestamp":"2021-12-14 12:49:05 UTC","Source":"added by qr code"},{"Username":"loladercher","Display Name":"✨Hélène✨","Creation Timestamp":"2021-11-23 09:51:19 UTC","Last Modified Timestamp":"2021-11-23 10:43:18 UTC","Source":"added by qr code"},{"Username":"maria_neea","Display Name":"Majoneesi","Creation Timestamp":"2021-07-14 16:44:50 UTC","Last Modified Timestamp":"2021-07-18 10:51:12 UTC","Source":"added by qr code"},{"Username":"kelly.0714","Display Name":"Kelly","Creation Timestamp":"2022-03-06 17:55:58 UTC","Last Modified Timestamp":"2022-03-10 13:16:05 UTC","Source":"added by qr code"},{"Username":"penelllope.2003","Display Name":"Pénélope 🐙","Creation Timestamp":"2022-04-25 18:52:47 UTC","Last Modified Timestamp":"2022-04-29 13:43:07 UTC","Source":"added by suggested"},{"Username":"lounamun29","Display Name":"Louna","Creation Timestamp":"2021-07-16 07:42:50 UTC","Last Modified Timestamp":"2021-07-28 22:02:25 UTC","Source":"added by qr code"},{"Username":"rachellakes1","Display Name":"•Rachel 🦋💕","Creation Timestamp":"2021-07-29 16:02:17 UTC","Last Modified Timestamp":"2021-07-31 18:20:11 UTC","Source":"added by username"},{"Username":"cassylda_hype","Display Name":"Cassylda :3 💋","Creation Timestamp":"2022-03-20 02:24:25 UTC","Last Modified Timestamp":"2022-07-04 13:26:28 UTC","Source":"added by qr code"},{"Username":"walness1234","Display Name":"Nesrine","Creation Timestamp":"2021-07-19 11:14:54 UTC","Last Modified Timestamp":"2021-07-28 22:03:15 UTC","Source":"added by qr code"},{"Username":"ev.mllrr","Display Name":"Eva Mllrr","Creation Timestamp":"2022-04-02 23:06:39 UTC","Last Modified Timestamp":"2022-04-21 17:26:36 UTC","Source":"added by username"},{"Username":"yummyx2zz","Display Name":"Yummy","Creation Timestamp":"2022-02-19 11:54:53 UTC","Last Modified Timestamp":"2022-03-10 13:16:12 UTC","Source":"added by added me back"},{"Username":"ilonalcs","Display Name":"ilona🦋","Creation Timestamp":"2021-07-29 12:35:00 UTC","Last Modified Timestamp":"2021-11-22 00:38:02 UTC","Source":"added by qr code"},{"Username":"lena.txg","Display Name":"Léna","Creation Timestamp":"2021-07-27 00:08:56 UTC","Last Modified Timestamp":"2021-07-27 00:17:56 UTC","Source":"added by username"},{"Username":"mniccionna","Display Name":"Cionna ಠ_ಠ","Creation Timestamp":"2021-07-26 15:52:14 UTC","Last Modified Timestamp":"2021-07-27 14:44:49 UTC","Source":"added by username"},{"Username":"enilim_alv","Display Name":"𝑚𝑖𝑙𝑖𝑛𝑒","Creation Timestamp":"2021-08-03 12:26:13 UTC","Last Modified Timestamp":"2021-08-12 14:51:37 UTC","Source":"added by qr code"},{"Username":"alainaramb","Display Name":"alaina rambeau","Creation Timestamp":"2021-07-13 14:12:05 UTC","Last Modified Timestamp":"2021-07-28 01:10:41 UTC","Source":"added by unknown"},{"Username":"lucieee_bmz","Display Name":"Lu🍒","Creation Timestamp":"2021-12-08 15:00:30 UTC","Last Modified Timestamp":"2022-04-02 23:52:53 UTC","Source":"added by qr code"},{"Username":"anna180006","Display Name":"𝔸𝔫𝔫𝔞♡︎☀︎︎","Creation Timestamp":"2021-07-14 12:10:14 UTC","Last Modified Timestamp":"2021-07-14 21:11:31 UTC","Source":"added by qr code"},{"Username":"lyvia_0","Display Name":"Lyvia🪐","Creation Timestamp":"2022-04-06 20:49:17 UTC","Last Modified Timestamp":"2022-04-08 10:09:39 UTC","Source":"added by display name"},{"Username":"ameliefort21233","Display Name":"Amélie Fort","Creation Timestamp":"2021-12-27 12:35:14 UTC","Last Modified Timestamp":"2022-04-02 23:55:01 UTC","Source":"added by added me back"},{"Username":"claujim9","Display Name":"Elizabeth 🇲🇽","Creation Timestamp":"2022-04-25 18:45:11 UTC","Last Modified Timestamp":"2022-04-25 19:32:29 UTC","Source":"added by suggested"},{"Username":"e.hdp06","Display Name":"Élise✞","Creation Timestamp":"2021-07-25 17:08:57 UTC","Last Modified Timestamp":"2021-08-04 13:39:48 UTC","Source":"added by username"},{"Username":"unicarolineeee","Display Name":"Caroline Fernandes","Creation Timestamp":"2022-04-03 11:17:22 UTC","Last Modified Timestamp":"2022-07-04 13:26:54 UTC","Source":"added by display name"},{"Username":"brenda_dlp","Display Name":"🌫","Creation Timestamp":"2021-07-23 18:41:31 UTC","Last Modified Timestamp":"2021-08-04 13:40:31 UTC","Source":"added by qr code"},{"Username":"leaneb2021432","Display Name":"Léane Barbier","Creation Timestamp":"2021-12-27 10:32:05 UTC","Last Modified Timestamp":"2022-04-02 23:53:13 UTC","Source":"added by added me back"},{"Username":"laurabarre20242","Display Name":"Laura Barre","Creation Timestamp":"2022-09-25 15:30:04 UTC","Last Modified Timestamp":"2022-09-27 22:15:10 UTC","Source":"added by added me back"},{"Username":"cloe_lmrtn","Display Name":"Cloé <3","Creation Timestamp":"2021-07-31 18:14:23 UTC","Last Modified Timestamp":"2021-08-12 14:51:24 UTC","Source":"added by username"},{"Username":"melinaa_jkr","Display Name":"mélina","Creation Timestamp":"2021-07-19 17:07:51 UTC","Last Modified Timestamp":"2021-07-23 09:17:32 UTC","Source":"added by qr code"},{"Username":"zouzoum16","Display Name":"Zoé ♕︎","Creation Timestamp":"2021-07-19 10:39:00 UTC","Last Modified Timestamp":"2021-08-04 13:39:55 UTC","Source":"added by qr code"},{"Username":"laurene.crouet","Display Name":"LAU’ 🦊","Creation Timestamp":"2022-06-21 14:57:21 UTC","Last Modified Timestamp":"2022-07-04 13:28:39 UTC","Source":"added by qr code"},{"Username":"lulu202dzz","Display Name":"✨Luisa✨","Creation Timestamp":"2021-07-23 18:58:30 UTC","Last Modified Timestamp":"2021-08-04 13:41:09 UTC","Source":"added by qr code"},{"Username":"lens-38","Display Name":":): 🦋","Creation Timestamp":"2022-04-25 18:52:38 UTC","Last Modified Timestamp":"2022-04-25 19:32:26 UTC","Source":"added by suggested"},{"Username":"loriinab","Display Name":"Lorina 🍒","Creation Timestamp":"2021-11-24 12:37:29 UTC","Last Modified Timestamp":"2022-04-02 23:52:39 UTC","Source":"added by username"},{"Username":"sbaziet20","Display Name":"swannbaziet640","Creation Timestamp":"2021-07-15 20:11:47 UTC","Last Modified Timestamp":"2021-12-26 17:55:46 UTC","Source":"added by added me back"},{"Username":"kmi.14","Display Name":"Camille ✨","Creation Timestamp":"2021-12-10 06:31:59 UTC","Last Modified Timestamp":"2022-01-26 09:54:13 UTC","Source":"added by qr code"},{"Username":"chloe.bl12","Display Name":"Chloé","Creation Timestamp":"2021-07-23 17:17:06 UTC","Last Modified Timestamp":"2021-10-24 21:40:29 UTC","Source":"added by unknown"},{"Username":"madu3826","Display Name":"Nanolalo😋🌺","Creation Timestamp":"2022-03-27 09:52:38 UTC","Last Modified Timestamp":"2022-04-02 15:25:27 UTC","Source":"added by username"},{"Username":"lily","Display Name":"","Creation Timestamp":"2021-07-22 11:04:25 UTC","Last Modified Timestamp":"2021-07-28 22:03:37 UTC","Source":"added by qr code"},{"Username":"mariapanda15","Display Name":"Margarida Oliveira","Creation Timestamp":"2022-05-04 13:19:15 UTC","Last Modified Timestamp":"2022-05-23 07:41:48 UTC","Source":"added by username"},{"Username":"merandemasson","Display Name":"Merande Masson","Creation Timestamp":"2021-11-22 00:37:01 UTC","Last Modified Timestamp":"2021-11-22 00:50:56 UTC","Source":"added by unknown"},{"Username":"clxne_l","Display Name":"Cécé 💋🤍","Creation Timestamp":"2021-12-12 11:34:05 UTC","Last Modified Timestamp":"2021-12-28 15:19:51 UTC","Source":"added by qr code"},{"Username":"m_merrveille","Display Name":"𝑀𝑒𝑟𝑣𝑒𝑖𝑙𝑙𝑒","Creation Timestamp":"2021-08-05 18:53:37 UTC","Last Modified Timestamp":"2021-08-12 14:49:01 UTC","Source":"added by added me back"},{"Username":"massimo.mma","Display Name":"💎","Creation Timestamp":"2022-06-21 14:57:31 UTC","Last Modified Timestamp":"2022-06-23 16:38:43 UTC","Source":"added by qr code"},{"Username":"c.mer91","Display Name":"Cloé 😜","Creation Timestamp":"2022-05-12 19:26:25 UTC","Last Modified Timestamp":"2022-05-28 17:32:35 UTC","Source":"added by unknown"},{"Username":"cassandre02l","Display Name":"cass’ 🧚🏼‍♀️","Creation Timestamp":"2021-07-13 13:08:58 UTC","Last Modified Timestamp":"2021-07-28 22:04:18 UTC","Source":"added by qr code"},{"Username":"eva_longdos","Display Name":"Eva","Creation Timestamp":"2021-07-25 14:45:26 UTC","Last Modified Timestamp":"2021-08-04 13:43:01 UTC","Source":"added by qr code"},{"Username":"lilaxdu13","Display Name":"Lilou 🤟🏼","Creation Timestamp":"2022-06-03 18:25:31 UTC","Last Modified Timestamp":"2022-07-20 19:42:41 UTC","Source":"added by added me back"},{"Username":"snaapnuudes18","Display Name":"","Creation Timestamp":"2021-06-28 16:37:08 UTC","Last Modified Timestamp":"2021-06-28 16:38:33 UTC","Source":"added by qr code"},{"Username":"rvaldivia369","Display Name":"juju ❤️","Creation Timestamp":"2022-06-21 14:57:12 UTC","Last Modified Timestamp":"2022-07-04 13:28:31 UTC","Source":"added by qr code"},{"Username":"laura.mdj","Display Name":"","Creation Timestamp":"2021-11-23 18:35:09 UTC","Last Modified Timestamp":"2021-11-23 18:36:04 UTC","Source":"added by unknown"},{"Username":"eloise28112009","Display Name":"Eloïse Eloïse","Creation Timestamp":"2022-02-26 19:16:30 UTC","Last Modified Timestamp":"2022-03-01 14:39:00 UTC","Source":"added by added me back"},{"Username":"gdasgin69","Display Name":"🇹🇷giz_69🧸","Creation Timestamp":"2021-07-12 21:16:27 UTC","Last Modified Timestamp":"2021-07-12 22:08:16 UTC","Source":"added by qr code"},{"Username":"audreydurand22","Display Name":"Audrey ❤️","Creation Timestamp":"2022-03-06 17:44:28 UTC","Last Modified Timestamp":"2022-04-02 23:53:41 UTC","Source":"added by qr code"},{"Username":"asabadie3","Display Name":"Alex","Creation Timestamp":"2021-07-27 14:35:58 UTC","Last Modified Timestamp":"2021-10-24 21:40:45 UTC","Source":"added by unknown"},{"Username":"floriane18_03","Display Name":"Floriane ❤️","Creation Timestamp":"2021-12-28 21:09:11 UTC","Last Modified Timestamp":"2022-03-10 13:16:29 UTC","Source":"added by added me back"},{"Username":"amelllek","Display Name":"Amelle 💗","Creation Timestamp":"2021-07-30 19:20:56 UTC","Last Modified Timestamp":"2021-08-02 22:15:13 UTC","Source":"added by qr code"},{"Username":"denebjimenez20","Display Name":"Deneb Jimenez","Creation Timestamp":"2022-04-25 18:52:42 UTC","Last Modified Timestamp":"2022-04-27 18:37:55 UTC","Source":"added by suggested"},{"Username":"shyn110","Display Name":"♡𝕤𝕙𝕪𝕟.𝕗𝕣𝕤♡","Creation Timestamp":"2021-07-24 21:33:53 UTC","Last Modified Timestamp":"2021-07-27 14:46:20 UTC","Source":"added by username"},{"Username":"sammybae24","Display Name":"🤪Simiri🙄","Creation Timestamp":"2022-03-20 20:15:02 UTC","Last Modified Timestamp":"2022-03-28 18:33:44 UTC","Source":"added by username"},{"Username":"saso","Display Name":"","Creation Timestamp":"2021-10-23 16:38:32 UTC","Last Modified Timestamp":"2021-10-24 21:39:56 UTC","Source":"added by qr code"},{"Username":"flavie.12345","Display Name":"Flavie😾","Creation Timestamp":"2021-07-25 14:44:33 UTC","Last Modified Timestamp":"2021-08-04 13:42:56 UTC","Source":"added by qr code"},{"Username":"ricky_t850","Display Name":"ricky T","Creation Timestamp":"2021-07-23 09:07:22 UTC","Last Modified Timestamp":"2021-07-28 22:03:44 UTC","Source":"added by unknown"},{"Username":"marjorie_g21","Display Name":"Marjorie Garcia","Creation Timestamp":"2022-03-26 15:45:10 UTC","Last Modified Timestamp":"2022-04-03 11:24:38 UTC","Source":"added by username"},{"Username":"ndupont6582","Display Name":"Nathalie","Creation Timestamp":"2022-03-03 15:53:36 UTC","Last Modified Timestamp":"2022-04-02 23:54:43 UTC","Source":"added by username"},{"Username":"vxnes4","Display Name":"Vanessito Melan","Creation Timestamp":"2021-08-11 23:10:51 UTC","Last Modified Timestamp":"2021-08-12 14:49:52 UTC","Source":"added by unknown"},{"Username":"salaetsbr","Display Name":"Brittjuh:)","Creation Timestamp":"2021-07-19 12:46:49 UTC","Last Modified Timestamp":"2021-07-28 22:03:27 UTC","Source":"added by qr code"},{"Username":"alex","Display Name":"","Creation Timestamp":"2021-07-27 14:21:22 UTC","Last Modified Timestamp":"2021-07-28 22:04:23 UTC","Source":"added by qr code"},{"Username":"enaecol2021","Display Name":"Oceane 🔥","Creation Timestamp":"2022-04-25 19:32:05 UTC","Last Modified Timestamp":"2022-04-29 13:43:17 UTC","Source":"added by username"},{"Username":"alexiatfm","Display Name":"Aℓєχια 🦋","Creation Timestamp":"2021-07-13 16:27:25 UTC","Last Modified Timestamp":"2021-07-31 15:07:36 UTC","Source":"added by qr code"},{"Username":"chloe9vl","Display Name":"Chloe 🐉🌟","Creation Timestamp":"2021-11-25 22:16:00 UTC","Last Modified Timestamp":"2022-04-02 23:52:45 UTC","Source":"added by qr code"},{"Username":"oceanevasseu472","Display Name":"Océane Vasseur","Creation Timestamp":"2021-12-12 13:39:23 UTC","Last Modified Timestamp":"2021-12-12 21:50:46 UTC","Source":"added by added me back"},{"Username":"emeval63","Display Name":"🌹 𝔼𝕞𝕖𝕝𝕚𝕟𝕖 🌹","Creation Timestamp":"2021-07-20 22:40:09 UTC","Last Modified Timestamp":"2021-08-04 13:40:37 UTC","Source":"added by qr code"},{"Username":"girlfeetqueen","Display Name":"CatGirl 🔥","Creation Timestamp":"2022-04-19 11:53:47 UTC","Last Modified Timestamp":"2022-07-04 13:26:42 UTC","Source":"added by username"},{"Username":"emilyy75012","Display Name":"Emily 😈","Creation Timestamp":"2021-11-22 20:16:13 UTC","Last Modified Timestamp":"2021-11-25 10:30:23 UTC","Source":"added by username"},{"Username":"stracymtrs","Display Name":"Stracy Mtrs","Creation Timestamp":"2022-05-12 17:45:06 UTC","Last Modified Timestamp":"2022-05-25 16:45:48 UTC","Source":"added by username"},{"Username":"karysse_rbt","Display Name":"Klarysse","Creation Timestamp":"2022-05-10 20:21:48 UTC","Last Modified Timestamp":"2022-05-23 07:41:35 UTC","Source":"added by username"},{"Username":"vayanahmajoie","Display Name":"Vayanah Majoie","Creation Timestamp":"2021-10-13 17:27:48 UTC","Last Modified Timestamp":"2022-04-02 23:52:16 UTC","Source":"added by username"},{"Username":"herman_logan384","Display Name":"Logan","Creation Timestamp":"2021-08-07 21:26:02 UTC","Last Modified Timestamp":"2021-12-26 17:54:47 UTC","Source":"added by group chat"},{"Username":"emma.drtt31","Display Name":"Emma🌹","Creation Timestamp":"2022-04-06 10:56:27 UTC","Last Modified Timestamp":"2022-04-06 15:33:08 UTC","Source":"added by username"},{"Username":"cloclo2638","Display Name":"Cloclo","Creation Timestamp":"2021-11-25 06:33:34 UTC","Last Modified Timestamp":"2021-11-25 10:08:57 UTC","Source":"added by qr code"},{"Username":"anna_sxx5046","Display Name":"Anna Sxx","Creation Timestamp":"2021-07-07 12:17:58 UTC","Last Modified Timestamp":"2021-07-09 12:16:02 UTC","Source":"added by unknown"},{"Username":"nicole_linhares","Display Name":"𝒩𝒾𝒸𝑜𝓁𝑒 𝒟𝒶 𝒞𝑜𝓈𝓉𝒶 ℒ𝒾𝓃𝒽𝒶𝓇𝑒𝓈📚","Creation Timestamp":"2022-07-23 23:26:51 UTC","Last Modified Timestamp":"2022-11-06 00:51:43 UTC","Source":"added by phone"},{"Username":"juju.74210","Display Name":"Jᥙᥣιᥱttᥱ","Creation Timestamp":"2021-08-07 16:31:36 UTC","Last Modified Timestamp":"2021-08-12 14:50:55 UTC","Source":"added by username"},{"Username":"auriane.doare","Display Name":"Auriane🤍","Creation Timestamp":"2022-04-25 12:19:13 UTC","Last Modified Timestamp":"2022-09-02 18:52:02 UTC","Source":"added by display name"},{"Username":"anaisgblt","Display Name":"Anaïs","Creation Timestamp":"2022-04-27 09:08:54 UTC","Last Modified Timestamp":"2022-04-28 05:41:59 UTC","Source":"added by qr code"},{"Username":"lucie.rmry","Display Name":"• Lucie 🦖","Creation Timestamp":"2021-07-30 08:02:33 UTC","Last Modified Timestamp":"2021-07-30 12:52:40 UTC","Source":"added by qr code"},{"Username":"mphobie6m","Display Name":"Morganne","Creation Timestamp":"2022-03-24 10:18:14 UTC","Last Modified Timestamp":"2022-07-09 14:09:53 UTC","Source":"added by qr code"},{"Username":"thea_210","Display Name":"𝐓𝐡𝐞𝐚 ☁️","Creation Timestamp":"2021-07-30 12:57:58 UTC","Last Modified Timestamp":"2021-08-12 14:51:32 UTC","Source":"added by qr code"},{"Username":"luteciacolin494","Display Name":"Lutécia Colin","Creation Timestamp":"2021-10-13 15:09:54 UTC","Last Modified Timestamp":"2021-10-13 18:40:24 UTC","Source":"added by added me back"},{"Username":"cxrliita","Display Name":"Carlito🤍","Creation Timestamp":"2022-04-22 08:57:14 UTC","Last Modified Timestamp":"2022-04-25 19:22:48 UTC","Source":"added by username"},{"Username":"g_grace861","Display Name":"Grace Grace","Creation Timestamp":"2021-11-23 11:27:36 UTC","Last Modified Timestamp":"2021-11-23 18:23:17 UTC","Source":"added by added me back"},{"Username":"luciebelle15","Display Name":"Lucie Miam","Creation Timestamp":"2022-04-24 19:05:16 UTC","Last Modified Timestamp":"2022-04-25 19:23:22 UTC","Source":"added by username"},{"Username":"aryaa14pan","Display Name":"Arya Ayokos","Creation Timestamp":"2022-03-03 14:27:11 UTC","Last Modified Timestamp":"2022-04-02 23:51:34 UTC","Source":"added by unknown"},{"Username":"chay","Display Name":"francescacastle","Creation Timestamp":"2021-07-19 02:13:28 UTC","Last Modified Timestamp":"2021-07-20 22:00:57 UTC","Source":"added by qr code"},{"Username":"hotwifeclub","Display Name":"","Creation Timestamp":"2021-08-02 21:17:07 UTC","Last Modified Timestamp":"2021-08-03 22:08:54 UTC","Source":"added by qr code"},{"Username":"mechantedame06","Display Name":"👄 Méchante Dame 👄","Creation Timestamp":"2022-07-13 21:13:08 UTC","Last Modified Timestamp":"2022-07-13 21:13:09 UTC","Source":"added from public profile"},{"Username":"marjorie","Display Name":"Marjorie","Creation Timestamp":"2021-12-07 17:34:48 UTC","Last Modified Timestamp":"2022-04-03 11:24:43 UTC","Source":"added by qr code"},{"Username":"justbutterflyy","Display Name":"🤍 🕊🇪🇸","Creation Timestamp":"2021-07-31 16:04:11 UTC","Last Modified Timestamp":"2021-08-12 14:48:42 UTC","Source":"added by username"},{"Username":"enola_dhb","Display Name":"Enola","Creation Timestamp":"2021-11-23 18:29:49 UTC","Last Modified Timestamp":"2021-11-25 10:31:34 UTC","Source":"added by qr code"},{"Username":"pomme0413","Display Name":"𝓢𝓪𝓶𝓸𝓾❤","Creation Timestamp":"2022-03-24 10:19:20 UTC","Last Modified Timestamp":"2022-04-10 19:23:06 UTC","Source":"added by qr code"},{"Username":"eva.6ms","Display Name":"Eva","Creation Timestamp":"2022-03-10 19:22:40 UTC","Last Modified Timestamp":"2022-03-10 19:23:42 UTC","Source":"added by added me back"},{"Username":"neness0411","Display Name":"ɱąყą 🇲🇦","Creation Timestamp":"2022-06-03 11:30:03 UTC","Last Modified Timestamp":"2022-06-05 13:11:47 UTC","Source":"added by qr code"},{"Username":"poline1008","Display Name":"Poline","Creation Timestamp":"2022-07-12 19:26:35 UTC","Last Modified Timestamp":"2022-07-15 13:52:43 UTC","Source":"added by added me back"},{"Username":"marylou03270","Display Name":"marylou 😎","Creation Timestamp":"2021-07-30 12:47:15 UTC","Last Modified Timestamp":"2021-08-04 13:42:23 UTC","Source":"added by qr code"},{"Username":"emeline","Display Name":"Emeline Zelley","Creation Timestamp":"2021-07-20 22:40:34 UTC","Last Modified Timestamp":"2021-07-22 06:33:04 UTC","Source":"added by qr code"},{"Username":"gwenfcn","Display Name":"Gwendov🥷🏼","Creation Timestamp":"2021-12-12 21:48:42 UTC","Last Modified Timestamp":"2021-12-26 17:55:39 UTC","Source":"added by qr code"},{"Username":"regan.vent","Display Name":"","Creation Timestamp":"2021-07-24 16:32:08 UTC","Last Modified Timestamp":"2021-08-12 14:50:07 UTC","Source":"added by qr code"},{"Username":"maumaugllm","Display Name":"Maumau","Creation Timestamp":"2021-07-19 21:26:37 UTC","Last Modified Timestamp":"2021-07-29 23:19:36 UTC","Source":"added by qr code"},{"Username":"mounahasn","Display Name":"Mouna ♡","Creation Timestamp":"2021-07-23 13:50:40 UTC","Last Modified Timestamp":"2021-08-04 13:41:53 UTC","Source":"added by qr code"},{"Username":"cocolafolledu44","Display Name":"🦄","Creation Timestamp":"2021-07-20 23:37:00 UTC","Last Modified Timestamp":"2021-08-04 13:39:21 UTC","Source":"added by qr code"},{"Username":"missdzn","Display Name":"Noémie","Creation Timestamp":"2022-03-21 08:26:46 UTC","Last Modified Timestamp":"2022-06-18 12:21:44 UTC","Source":"added by added me back"},{"Username":"emma_dubien21","Display Name":"Emma Dubien","Creation Timestamp":"2021-11-24 20:29:29 UTC","Last Modified Timestamp":"2021-11-25 10:30:44 UTC","Source":"added by qr code"},{"Username":"ophelie.2004","Display Name":"ophelie🌻","Creation Timestamp":"2022-05-28 15:06:18 UTC","Last Modified Timestamp":"2022-06-19 19:16:58 UTC","Source":"added by qr code"},{"Username":"monk93","Display Name":"Tom Monk","Creation Timestamp":"2021-08-01 23:16:00 UTC","Last Modified Timestamp":"2021-08-01 23:18:47 UTC","Source":"added by username"},{"Username":"audrey_ara2022","Display Name":"Audrey Ara","Creation Timestamp":"2022-03-20 14:39:25 UTC","Last Modified Timestamp":"2022-04-02 23:53:19 UTC","Source":"added by added me back"},{"Username":"kyrahb09","Display Name":"Kyrah🖕🏼","Creation Timestamp":"2022-04-25 19:05:42 UTC","Last Modified Timestamp":"2022-04-25 19:32:23 UTC","Source":"added by suggested"},{"Username":"doudout08","Display Name":"Chloé Charan","Creation Timestamp":"2021-07-19 13:55:49 UTC","Last Modified Timestamp":"2021-08-12 14:51:11 UTC","Source":"added by qr code"},{"Username":"cam1lle_gdn","Display Name":"Camille","Creation Timestamp":"2022-06-06 10:57:15 UTC","Last Modified Timestamp":"2022-07-03 20:18:01 UTC","Source":"added by added me back"},{"Username":"coco5854","Display Name":"Colombe 🤍","Creation Timestamp":"2022-04-25 18:52:52 UTC","Last Modified Timestamp":"2022-04-27 18:37:44 UTC","Source":"added by unknown"},{"Username":"akim_93p","Display Name":"😺","Creation Timestamp":"2022-04-17 14:03:42 UTC","Last Modified Timestamp":"2022-04-25 19:23:36 UTC","Source":"added by username"},{"Username":"mlaisne23.10","Display Name":"🎈Maï-Lee🎈","Creation Timestamp":"2021-07-19 20:57:28 UTC","Last Modified Timestamp":"2021-07-25 14:48:18 UTC","Source":"added by qr code"},{"Username":"yamiflores456","Display Name":"Yami🧞‍♀️","Creation Timestamp":"2022-04-25 18:52:37 UTC","Last Modified Timestamp":"2022-04-25 19:22:08 UTC","Source":"added by suggested"},{"Username":"vismaaaa","Display Name":"PROBLEMA","Creation Timestamp":"2021-07-16 07:42:42 UTC","Last Modified Timestamp":"2021-07-28 22:05:33 UTC","Source":"added by unknown"},{"Username":"nina_lvm","Display Name":"Nina 😋","Creation Timestamp":"2021-10-07 17:39:23 UTC","Last Modified Timestamp":"2021-10-07 19:26:32 UTC","Source":"added by username"},{"Username":"ehowarth73","Display Name":"Elia💘","Creation Timestamp":"2022-04-25 18:52:43 UTC","Last Modified Timestamp":"2022-04-27 18:37:50 UTC","Source":"added by unknown"},{"Username":"maellebracquart","Display Name":"maelle❕","Creation Timestamp":"2021-08-01 21:21:17 UTC","Last Modified Timestamp":"2021-08-04 13:38:06 UTC","Source":"added by username"},{"Username":"emmap2022113","Display Name":"Emma Prevost","Creation Timestamp":"2022-03-03 15:05:04 UTC","Last Modified Timestamp":"2022-03-20 01:53:54 UTC","Source":"added by username"},{"Username":"elise.mirte","Display Name":"El❤️‍🔥","Creation Timestamp":"2022-03-26 16:29:34 UTC","Last Modified Timestamp":"2022-04-09 12:59:24 UTC","Source":"added by subscription"},{"Username":"melisx.lb","Display Name":"𝑚𝑒𝑙𝑖𝑠𝑎’🤍","Creation Timestamp":"2021-07-26 12:38:12 UTC","Last Modified Timestamp":"2021-08-04 13:41:15 UTC","Source":"added by username"},{"Username":"artzz2022359","Display Name":"artzz","Creation Timestamp":"2022-06-04 09:36:42 UTC","Last Modified Timestamp":"2022-06-05 13:12:58 UTC","Source":"added by added me back"},{"Username":"liloushhh7501","Display Name":"","Creation Timestamp":"2021-12-16 12:52:59 UTC","Last Modified Timestamp":"2022-04-02 23:52:59 UTC","Source":"added by qr code"},{"Username":"mpurolczak4","Display Name":"Marion","Creation Timestamp":"2021-12-07 11:40:34 UTC","Last Modified Timestamp":"2021-12-14 01:07:34 UTC","Source":"added by qr code"},{"Username":"lena_bzd","Display Name":"Léna","Creation Timestamp":"2021-07-17 01:45:53 UTC","Last Modified Timestamp":"2021-07-28 22:02:55 UTC","Source":"added by qr code"},{"Username":"solary_07","Display Name":"MESSI_10","Creation Timestamp":"2022-02-25 16:47:22 UTC","Last Modified Timestamp":"2022-03-01 19:33:13 UTC","Source":"added by added me back"},{"Username":"go-parler","Display Name":"Go Parler","Creation Timestamp":"2022-02-28 17:17:58 UTC","Last Modified Timestamp":"2022-03-01 14:38:53 UTC","Source":"added by unknown"},{"Username":"sabrinalea317","Display Name":"Sabrina 🖤","Creation Timestamp":"2022-03-23 15:14:53 UTC","Last Modified Timestamp":"2022-03-23 15:51:01 UTC","Source":"added by display name"},{"Username":"bella_mymmy","Display Name":"Mymy Inès 💄💎","Creation Timestamp":"2021-11-22 21:06:43 UTC","Last Modified Timestamp":"2022-01-12 21:00:59 UTC","Source":"added by qr code"},{"Username":"kyllian090627","Display Name":"♡🥀~Kýłłıāñ~🕊♡","Creation Timestamp":"2021-07-14 13:21:09 UTC","Last Modified Timestamp":"2021-07-22 06:35:07 UTC","Source":"added by added me back"},{"Username":"lmp911","Display Name":"LM","Creation Timestamp":"2021-08-03 14:17:14 UTC","Last Modified Timestamp":"2021-12-26 17:54:53 UTC","Source":"added by username"},{"Username":"sexonsnap.com","Display Name":"SexOnSnap.com","Creation Timestamp":"2022-04-14 20:07:56 UTC","Last Modified Timestamp":"2022-04-14 20:09:19 UTC","Source":"added by unknown"},{"Username":"mymymousebunny","Display Name":"","Creation Timestamp":"2021-11-18 20:19:04 UTC","Last Modified Timestamp":"2021-11-20 11:30:00 UTC","Source":"added by username"},{"Username":"hannnnn23d","Display Name":"Hannah💞","Creation Timestamp":"2022-04-25 18:52:51 UTC","Last Modified Timestamp":"2022-04-25 19:23:12 UTC","Source":"added by suggested"},{"Username":"sofiah_diloiy","Display Name":"uana","Creation Timestamp":"2022-05-04 17:56:26 UTC","Last Modified Timestamp":"2022-05-11 17:22:29 UTC","Source":"added by qr code"},{"Username":"sophiecolin609","Display Name":"Sophie colin","Creation Timestamp":"2021-12-10 11:38:17 UTC","Last Modified Timestamp":"2021-12-10 12:53:27 UTC","Source":"added by qr code"},{"Username":"tbaumard8","Display Name":"Tessa🤠","Creation Timestamp":"2021-07-14 12:10:22 UTC","Last Modified Timestamp":"2021-07-16 19:40:50 UTC","Source":"added by qr code"},{"Username":"eliselasolo","Display Name":"Élise 🦋","Creation Timestamp":"2021-11-25 22:22:35 UTC","Last Modified Timestamp":"2022-04-02 23:52:30 UTC","Source":"added by qr code"},{"Username":"bape.brb","Display Name":"Dolores","Creation Timestamp":"2021-11-02 23:19:41 UTC","Last Modified Timestamp":"2022-08-14 19:28:54 UTC","Source":"added by phone"},{"Username":"fcabello309","Display Name":"Fer ✨","Creation Timestamp":"2022-04-25 18:52:48 UTC","Last Modified Timestamp":"2022-04-27 18:38:00 UTC","Source":"added by suggested"},{"Username":"yumekojeje","Display Name":"jenny","Creation Timestamp":"2021-11-24 10:21:54 UTC","Last Modified Timestamp":"2022-04-02 23:55:05 UTC","Source":"added from public profile"},{"Username":"savannah.lcr","Display Name":"Savannah","Creation Timestamp":"2021-08-02 16:48:58 UTC","Last Modified Timestamp":"2021-08-04 13:40:52 UTC","Source":"added by username"},{"Username":"gloriaines5007","Display Name":"","Creation Timestamp":"2022-03-01 15:37:03 UTC","Last Modified Timestamp":"2022-03-03 15:55:18 UTC","Source":"added by added me back"},{"Username":"tiffany.e2","Display Name":"Tiffany","Creation Timestamp":"2021-08-01 19:54:12 UTC","Last Modified Timestamp":"2021-08-04 13:41:02 UTC","Source":"added by username"},{"Username":"rebeccalapo2022","Display Name":"Laporte","Creation Timestamp":"2022-03-18 13:38:31 UTC","Last Modified Timestamp":"2022-04-02 23:54:50 UTC","Source":"added by unknown"},{"Username":"camille_dlndrs","Display Name":"","Creation Timestamp":"2021-11-24 20:08:55 UTC","Last Modified Timestamp":"2021-11-25 10:30:37 UTC","Source":"added by qr code"},{"Username":"timide2004","Display Name":"Emilie ✨","Creation Timestamp":"2021-07-26 15:26:24 UTC","Last Modified Timestamp":"2021-08-04 13:43:06 UTC","Source":"added by added me back"},{"Username":"javid2021778","Display Name":"JAVID Divan","Creation Timestamp":"2022-03-10 19:22:41 UTC","Last Modified Timestamp":"2022-03-10 19:23:34 UTC","Source":"added by added me back"},{"Username":"p_l357","Display Name":"Pia <3","Creation Timestamp":"2021-07-17 01:12:56 UTC","Last Modified Timestamp":"2021-07-17 15:54:42 UTC","Source":"added by qr code"},{"Username":"ehlana2070","Display Name":"ehlana o'reilly","Creation Timestamp":"2021-07-14 14:45:18 UTC","Last Modified Timestamp":"2021-07-18 10:49:22 UTC","Source":"added by username"},{"Username":"elsaklein202692","Display Name":"Elsa Klein","Creation Timestamp":"2021-12-12 13:39:22 UTC","Last Modified Timestamp":"2022-03-20 01:31:32 UTC","Source":"added by added me back"},{"Username":"maelle.hoc","Display Name":"T E R M I N A T O R","Creation Timestamp":"2022-03-26 22:42:09 UTC","Last Modified Timestamp":"2022-03-28 18:33:22 UTC","Source":"added by qr code"},{"Username":"barresf","Display Name":"floriana","Creation Timestamp":"2021-12-08 20:51:06 UTC","Last Modified Timestamp":"2021-12-28 15:19:43 UTC","Source":"added by qr code"},{"Username":"evaarnold202722","Display Name":"Eva Arnold","Creation Timestamp":"2021-12-12 21:50:13 UTC","Last Modified Timestamp":"2021-12-12 21:50:38 UTC","Source":"added by added me back"},{"Username":"lilianegasinien","Display Name":"Liliane Betancourt","Creation Timestamp":"2021-06-27 15:26:46 UTC","Last Modified Timestamp":"2022-04-04 11:53:32 UTC","Source":"added by unknown"},{"Username":"fairylike16","Display Name":"Natacha 👁️👄👁️","Creation Timestamp":"2021-08-03 01:01:21 UTC","Last Modified Timestamp":"2021-08-12 14:49:22 UTC","Source":"added by qr code"},{"Username":"ilham.sdnn","Display Name":"ilham","Creation Timestamp":"2021-07-29 12:34:56 UTC","Last Modified Timestamp":"2021-07-29 13:15:54 UTC","Source":"added by qr code"},{"Username":"bxby.tris","Display Name":"tris🦋👣","Creation Timestamp":"2021-07-16 07:42:30 UTC","Last Modified Timestamp":"2021-07-28 22:02:38 UTC","Source":"added by qr code"},{"Username":"lisamaub","Display Name":"Lisa Maubond","Creation Timestamp":"2021-11-17 20:26:48 UTC","Last Modified Timestamp":"2021-11-18 11:12:54 UTC","Source":"added by unknown"},{"Username":"cassandra835","Display Name":"Cassandra 🍯🇲🇶","Creation Timestamp":"2021-11-22 15:28:09 UTC","Last Modified Timestamp":"2021-11-23 18:23:26 UTC","Source":"added by qr code"},{"Username":"julie_put22","Display Name":"Julie","Creation Timestamp":"2022-03-04 14:34:18 UTC","Last Modified Timestamp":"2022-03-19 14:30:53 UTC","Source":"added by unknown"},{"Username":"lovelya5715","Display Name":"Erin Maya","Creation Timestamp":"2021-07-29 08:51:32 UTC","Last Modified Timestamp":"2021-07-29 11:16:33 UTC","Source":"added by added me back"},{"Username":"chelseamil1858","Display Name":"Chels 😴","Creation Timestamp":"2021-07-17 01:09:01 UTC","Last Modified Timestamp":"2021-07-28 22:02:46 UTC","Source":"added by qr code"},{"Username":"rosaline335","Display Name":"Laportugaise😍🇵🇹","Creation Timestamp":"2022-04-18 22:42:13 UTC","Last Modified Timestamp":"2022-04-25 07:44:11 UTC","Source":"added by username"},{"Username":"marion45300","Display Name":"Marion ☁️","Creation Timestamp":"2022-03-01 12:17:49 UTC","Last Modified Timestamp":"2022-06-18 12:21:51 UTC","Source":"added by qr code"},{"Username":"yasminelaco2493","Display Name":"Yasmine Lacour","Creation Timestamp":"2022-09-27 22:14:48 UTC","Last Modified Timestamp":"2022-09-27 22:15:22 UTC","Source":"added by username"},{"Username":"agnes_karan","Display Name":"Agnes Karan","Creation Timestamp":"2022-03-01 20:55:33 UTC","Last Modified Timestamp":"2022-03-01 21:00:13 UTC","Source":"added by added me back"},{"Username":"carlap.10","Display Name":"Carla 🖤✨","Creation Timestamp":"2021-07-29 21:48:12 UTC","Last Modified Timestamp":"2021-08-12 14:50:24 UTC","Source":"added by unknown"},{"Username":"mnon_brd","Display Name":"manon🫦","Creation Timestamp":"2022-06-22 12:06:37 UTC","Last Modified Timestamp":"2022-07-04 13:28:47 UTC","Source":"added by display name"},{"Username":"lynaera76","Display Name":"lyna era","Creation Timestamp":"2021-07-28 18:19:20 UTC","Last Modified Timestamp":"2021-07-28 21:06:37 UTC","Source":"added by username"},{"Username":"marjo0ass","Display Name":"Marjo_jo","Creation Timestamp":"2022-03-01 11:29:23 UTC","Last Modified Timestamp":"2022-03-05 18:16:28 UTC","Source":"added by added me back"},{"Username":"tiffanylib2","Display Name":"","Creation Timestamp":"2021-11-18 13:43:26 UTC","Last Modified Timestamp":"2021-11-22 00:38:13 UTC","Source":"added by unknown"},{"Username":"kaileigh.5","Display Name":"Kaileigh:)","Creation Timestamp":"2021-07-17 01:10:25 UTC","Last Modified Timestamp":"2021-07-17 01:36:56 UTC","Source":"added by qr code"},{"Username":"sufiya_fath","Display Name":"Sufiya Fathima","Creation Timestamp":"2021-07-16 19:19:06 UTC","Last Modified Timestamp":"2021-07-18 10:50:00 UTC","Source":"added by added me back"},{"Username":"emmacarpenti231","Display Name":"Emma Carpentier","Creation Timestamp":"2021-12-11 19:35:53 UTC","Last Modified Timestamp":"2022-03-20 01:31:29 UTC","Source":"added by added me back"},{"Username":"tess.0406","Display Name":"Tess","Creation Timestamp":"2021-05-31 19:35:56 UTC","Last Modified Timestamp":"2021-10-11 20:49:12 UTC","Source":"added by username"},{"Username":"mylene_59000","Display Name":"🧚🏼‍♂️✨","Creation Timestamp":"2021-11-22 20:17:58 UTC","Last Modified Timestamp":"2021-11-22 20:18:20 UTC","Source":"added by unknown"},{"Username":"naomirey21554","Display Name":"Naomi Rey","Creation Timestamp":"2022-03-17 20:54:17 UTC","Last Modified Timestamp":"2022-04-02 23:54:46 UTC","Source":"added by username"},{"Username":"m_claudiazuni19","Display Name":"Claudia Rodríguez","Creation Timestamp":"2022-04-25 18:52:50 UTC","Last Modified Timestamp":"2022-04-27 18:38:06 UTC","Source":"added by suggested"},{"Username":"juliasmiley1620","Display Name":"Julia 🖤","Creation Timestamp":"2021-11-21 15:37:24 UTC","Last Modified Timestamp":"2022-03-05 19:00:10 UTC","Source":"added by username"},{"Username":"lelou_0112","Display Name":"Léa ❤️‍🔥✨","Creation Timestamp":"2021-07-23 12:31:47 UTC","Last Modified Timestamp":"2021-07-23 19:10:07 UTC","Source":"added by added me back"},{"Username":"monic9228","Display Name":"Monica +647","Creation Timestamp":"2021-07-29 14:33:29 UTC","Last Modified Timestamp":"2021-08-04 13:41:59 UTC","Source":"added by added me back"},{"Username":"imurdaddyn0w","Display Name":"casey <3","Creation Timestamp":"2022-04-25 19:06:04 UTC","Last Modified Timestamp":"2022-04-27 18:38:12 UTC","Source":"added by suggested"},{"Username":"emma_prevos2022","Display Name":"Emma Prévost","Creation Timestamp":"2022-03-03 15:42:52 UTC","Last Modified Timestamp":"2022-03-20 01:53:57 UTC","Source":"added by added me back"},{"Username":"louise_glt12","Display Name":"♛ louise ♛","Creation Timestamp":"2022-05-30 18:30:09 UTC","Last Modified Timestamp":"2022-06-18 12:21:59 UTC","Source":"added by qr code"},{"Username":"lylyanelopez01","Display Name":"Lylyane Lopez","Creation Timestamp":"2022-03-20 02:02:56 UTC","Last Modified Timestamp":"2022-04-02 23:54:40 UTC","Source":"added by display name"},{"Username":"liloubaechel","Display Name":"ꨄ︎𝙻𝚒𝚕𝚘𝚞ꨄ︎","Creation Timestamp":"2021-07-22 07:58:16 UTC","Last Modified Timestamp":"2021-08-04 13:40:24 UTC","Source":"added by qr code"},{"Username":"bertinoceane03","Display Name":"Océane Bertin","Creation Timestamp":"2022-10-16 17:20:13 UTC","Last Modified Timestamp":"2022-10-19 14:58:09 UTC","Source":"added by display name"},{"Username":"inesmarchal2697","Display Name":"Inès Marchal","Creation Timestamp":"2022-02-20 16:31:30 UTC","Last Modified Timestamp":"2022-02-20 20:11:23 UTC","Source":"added by unknown"},{"Username":"marierichard49","Display Name":"𝕸𝖆𝖗𝖎𝖊 𝕽𝖎𝖈𝖍𝖆𝖗𝖉 🌙","Creation Timestamp":"2021-12-18 19:34:13 UTC","Last Modified Timestamp":"2022-03-23 20:06:23 UTC","Source":"added by qr code"},{"Username":"mariana_dub2022","Display Name":"Mariana Du Bois","Creation Timestamp":"2022-03-18 17:59:49 UTC","Last Modified Timestamp":"2022-04-02 23:54:29 UTC","Source":"added by username"},{"Username":"julie.393","Display Name":"Julie 🥀","Creation Timestamp":"2022-04-23 23:14:00 UTC","Last Modified Timestamp":"2022-04-25 19:22:54 UTC","Source":"added by username"},{"Username":"ematbl","Display Name":"Em'🐢","Creation Timestamp":"2022-04-27 21:32:41 UTC","Last Modified Timestamp":"2022-04-30 11:15:06 UTC","Source":"added by qr code"},{"Username":"yummysx2z","Display Name":"Savou_😊","Creation Timestamp":"2022-02-15 12:34:23 UTC","Last Modified Timestamp":"2022-03-05 18:16:34 UTC","Source":"added by added me back"},{"Username":"aurelie_zltz","Display Name":"Aurélie Zltz","Creation Timestamp":"2022-05-09 08:54:20 UTC","Last Modified Timestamp":"2022-05-23 07:41:42 UTC","Source":"added by qr code"},{"Username":"elise.namour","Display Name":"Elise","Creation Timestamp":"2021-07-19 20:59:48 UTC","Last Modified Timestamp":"2021-10-24 21:40:39 UTC","Source":"added by unknown"},{"Username":"bresssstv","Display Name":"BressssTV Aoué","Creation Timestamp":"2021-08-03 20:37:41 UTC","Last Modified Timestamp":"2021-08-03 22:08:25 UTC","Source":"added by added me back"},{"Username":"unicarolineee","Display Name":"🍕","Creation Timestamp":"2021-10-07 13:26:47 UTC","Last Modified Timestamp":"2021-10-24 21:40:03 UTC","Source":"added by username"},{"Username":"joannaraelie","Display Name":"Joanna Raelie 🇫🇷🥰","Creation Timestamp":"2022-03-20 01:16:17 UTC","Last Modified Timestamp":"2022-03-28 22:27:20 UTC","Source":"added by username"},{"Username":"mollyb452827","Display Name":"Molly 👸","Creation Timestamp":"2022-03-03 15:03:59 UTC","Last Modified Timestamp":"2022-03-05 18:16:55 UTC","Source":"added by qr code"},{"Username":"antoniak22438","Display Name":"Antonia Kero","Creation Timestamp":"2022-04-25 18:45:33 UTC","Last Modified Timestamp":"2022-05-03 00:35:22 UTC","Source":"added by suggested"},{"Username":"duulcee_2","Display Name":"Dulcee🌱","Creation Timestamp":"2022-02-28 21:51:06 UTC","Last Modified Timestamp":"2022-03-05 18:16:21 UTC","Source":"added by qr code"},{"Username":"emidac91","Display Name":"emi ♡","Creation Timestamp":"2022-05-28 15:06:10 UTC","Last Modified Timestamp":"2022-08-01 19:01:00 UTC","Source":"added by qr code"},{"Username":"alexiasevedean5","Display Name":"A'🛸","Creation Timestamp":"2021-07-14 14:24:06 UTC","Last Modified Timestamp":"2021-08-04 13:43:14 UTC","Source":"added by qr code"},{"Username":"labelcyn","Display Name":"Cynthia Labelle","Creation Timestamp":"2022-03-07 23:45:39 UTC","Last Modified Timestamp":"2022-06-24 19:36:20 UTC","Source":"added by display name"},{"Username":"julie.klzin","Display Name":"Julie Klein","Creation Timestamp":"2022-04-14 19:24:40 UTC","Last Modified Timestamp":"2022-04-14 19:46:24 UTC","Source":"added by username"},{"Username":"thedpmsp","Display Name":"•𝑱𝒖𝒍𝒊𝒂𝒂𝒂•","Creation Timestamp":"2021-07-14 16:44:44 UTC","Last Modified Timestamp":"2021-08-04 13:40:12 UTC","Source":"added by qr code"},{"Username":"siennabhrvy","Display Name":"Sie’","Creation Timestamp":"2021-07-19 21:49:21 UTC","Last Modified Timestamp":"2021-07-20 22:37:14 UTC","Source":"added by qr code"},{"Username":"siena.9zf","Display Name":"Siena","Creation Timestamp":"2022-03-15 15:42:34 UTC","Last Modified Timestamp":"2022-03-18 13:18:58 UTC","Source":"added by unknown"},{"Username":"leilahhnb","Display Name":"Leila","Creation Timestamp":"2022-06-09 20:46:42 UTC","Last Modified Timestamp":"2022-07-05 18:50:03 UTC","Source":"added from public profile"},{"Username":"mya_ines","Display Name":"Charmvy ✪","Creation Timestamp":"2021-12-07 11:41:13 UTC","Last Modified Timestamp":"2021-12-30 23:28:53 UTC","Source":"added by qr code"},{"Username":"julie08310","Display Name":"Julie","Creation Timestamp":"2021-10-04 21:35:48 UTC","Last Modified Timestamp":"2021-10-05 11:06:01 UTC","Source":"added by username"},{"Username":"hadika16","Display Name":"SaraR❤️","Creation Timestamp":"2022-03-23 20:48:53 UTC","Last Modified Timestamp":"2022-03-26 16:45:42 UTC","Source":"added by qr code"},{"Username":"porn_s50","Display Name":"💥Põrn Star💓","Creation Timestamp":"2021-07-23 17:10:28 UTC","Last Modified Timestamp":"2021-07-23 17:36:50 UTC","Source":"added by username"},{"Username":"manongib21","Display Name":"Manon🍒","Creation Timestamp":"2022-06-29 10:11:18 UTC","Last Modified Timestamp":"2022-07-03 18:55:08 UTC","Source":"added by qr code"},{"Username":"eva.mllrr","Display Name":"🫁","Creation Timestamp":"2022-07-13 17:50:26 UTC","Last Modified Timestamp":"2022-07-20 19:42:28 UTC","Source":"added by username"},{"Username":"fuck_l0ve40","Display Name":"Aby 🤎","Creation Timestamp":"2022-06-19 17:50:28 UTC","Last Modified Timestamp":"2022-07-04 13:28:52 UTC","Source":"added by display name"},{"Username":"athiebault40","Display Name":"😌Alixia😌","Creation Timestamp":"2021-07-26 10:45:17 UTC","Last Modified Timestamp":"2021-08-04 13:39:43 UTC","Source":"added by qr code"},{"Username":"clarabaras59","Display Name":"Clara💍🏳️‍🌈","Creation Timestamp":"2021-07-13 14:12:42 UTC","Last Modified Timestamp":"2021-07-18 10:49:10 UTC","Source":"added by qr code"}],"Hidden Friend Suggestions":[{"Username":"lolara2211","Display Name":"Lara","Creation Timestamp":"","Last Modified Timestamp":"","Source":"added by unknown"},{"Username":"jungkceline","Display Name":"Céline","Creation Timestamp":"","Last Modified Timestamp":"","Source":"added by unknown"},{"Username":"dc9537d1","Display Name":"NANA","Creation Timestamp":"","Last Modified Timestamp":"","Source":"added by unknown"},{"Username":"gdutevhkhdr","Display Name":"Gd UT e Vh Kh dr","Creation Timestamp":"","Last Modified Timestamp":"","Source":"added by unknown"},{"Username":"flo_fabien","Display Name":"Florine Larue","Creation Timestamp":"","Last Modified Timestamp":"","Source":"added by unknown"},{"Username":"kira.reisinger","Display Name":"Kira","Creation Timestamp":"","Last Modified Timestamp":"","Source":"added by unknown"},{"Username":"noemiem9478","Display Name":"noemie","Creation Timestamp":"","Last Modified Timestamp":"","Source":"added by unknown"},{"Username":"savannahjoh2406","Display Name":"Savannah Johnson","Creation Timestamp":"","Last Modified Timestamp":"","Source":"added by unknown"}],"Ignored Snapchatters":[],"Pending Requests":[],"Shortcuts":[]}