[{"Date and time (hourly)":"2022-11-05 19:00:00 UTC","Search Term":"n","Location":"lat 43.569 ± 8.83 meters, long 1.466 ± 8.83 meters"},{"Date and time (hourly)":"2022-11-05 19:00:00 UTC","Search Term":"ni","Location":"lat 43.569 ± 8.83 meters, long 1.466 ± 8.83 meters"},{"Date and time (hourly)":"2022-11-05 19:00:00 UTC","Search Term":"nic","Location":"lat 43.569 ± 8.83 meters, long 1.466 ± 8.83 meters"},{"Date and time (hourly)":"2022-11-05 19:00:00 UTC","Search Term":"nico","Location":"lat 43.569 ± 8.83 meters, long 1.466 ± 8.83 meters"},{"Date and time (hourly)":"2022-11-05 19:00:00 UTC","Search Term":"nicol","Location":"lat 43.569 ± 8.83 meters, long 1.466 ± 8.83 meters"},{"Date and time (hourly)":"2022-11-05 19:00:00 UTC","Search Term":"nicole","Location":"lat 43.569 ± 8.83 meters, long 1.466 ± 8.83 meters"},{"Date and time (hourly)":"2022-11-05 19:00:00 UTC","Search Term":"nicolec","Location":"lat 43.569 ± 8.83 meters, long 1.466 ± 8.83 meters"},{"Date and time (hourly)":"2022-11-05 19:00:00 UTC","Search Term":"nicoleco","Location":"lat 43.569 ± 8.83 meters, long 1.466 ± 8.83 meters"},{"Date and time (hourly)":"2022-11-05 19:00:00 UTC","Search Term":"nicolecos","Location":"lat 43.569 ± 8.83 meters, long 1.466 ± 8.83 meters"},{"Date and time (hourly)":"2022-11-05 19:00:00 UTC","Search Term":"nicolecost","Location":"lat 43.569 ± 8.83 meters, long 1.466 ± 8.83 meters"},{"Date and time (hourly)":"2022-11-05 19:00:00 UTC","Search Term":"nicolecosta","Location":"lat 43.569 ± 8.83 meters, long 1.466 ± 8.83 meters"},{"Date and time (hourly)":"2022-11-05 19:00:00 UTC","Search Term":"nicolecostad","Location":"lat 43.569 ± 8.83 meters, long 1.466 ± 8.83 meters"},{"Date and time (hourly)":"2022-11-05 19:00:00 UTC","Search Term":"nicolecosta","Location":"lat 43.569 ± 8.83 meters, long 1.466 ± 8.83 meters"},{"Date and time (hourly)":"2022-11-05 19:00:00 UTC","Search Term":"nicolecost","Location":"lat 43.569 ± 8.83 meters, long 1.466 ± 8.83 meters"},{"Date and time (hourly)":"2022-11-05 19:00:00 UTC","Search Term":"nicolecos","Location":"lat 43.569 ± 8.83 meters, long 1.466 ± 8.83 meters"},{"Date and time (hourly)":"2022-11-05 19:00:00 UTC","Search Term":"nicoleco","Location":"lat 43.569 ± 8.83 meters, long 1.466 ± 8.83 meters"},{"Date and time (hourly)":"2022-11-05 19:00:00 UTC","Search Term":"nicolec","Location":"lat 43.569 ± 8.83 meters, long 1.466 ± 8.83 meters"},{"Date and time (hourly)":"2022-11-05 19:00:00 UTC","Search Term":"nicoleci","Location":"lat 43.569 ± 8.83 meters, long 1.466 ± 8.83 meters"},{"Date and time (hourly)":"2022-11-05 19:00:00 UTC","Search Term":"nicolec","Location":"lat 43.569 ± 8.83 meters, long 1.466 ± 8.83 meters"},{"Date and time (hourly)":"2022-11-05 19:00:00 UTC","Search Term":"nicole","Location":"lat 43.569 ± 8.83 meters, long 1.466 ± 8.83 meters"},{"Date and time (hourly)":"2022-11-05 19:00:00 UTC","Search Term":"nicol","Location":"lat 43.569 ± 8.83 meters, long 1.466 ± 8.83 meters"},{"Date and time (hourly)":"2022-11-05 19:00:00 UTC","Search Term":"nico","Location":"lat 43.569 ± 8.83 meters, long 1.466 ± 8.83 meters"},{"Date and time (hourly)":"2022-11-05 19:00:00 UTC","Search Term":"nic","Location":"lat 43.569 ± 8.83 meters, long 1.466 ± 8.83 meters"},{"Date and time (hourly)":"2022-11-05 19:00:00 UTC","Search Term":"ni","Location":"lat 43.569 ± 8.83 meters, long 1.466 ± 8.83 meters"},{"Date and time (hourly)":"2022-11-05 19:00:00 UTC","Search Term":"n","Location":"lat 43.569 ± 8.83 meters, long 1.466 ± 8.83 meters"},{"Date and time (hourly)":"2022-10-16 17:00:00 UTC","Search Term":"Bertinocea","Location":"lat 43.568 ± 35.33 meters, long 1.47 ± 35.33 meters"},{"Date and time (hourly)":"2022-10-16 17:00:00 UTC","Search Term":"Bertinoce","Location":"lat 43.568 ± 35.33 meters, long 1.47 ± 35.33 meters"},{"Date and time (hourly)":"2022-10-16 17:00:00 UTC","Search Term":"Bertinoc","Location":"lat 43.568 ± 35.33 meters, long 1.47 ± 35.33 meters"},{"Date and time (hourly)":"2022-10-16 17:00:00 UTC","Search Term":"Bertino","Location":"lat 43.568 ± 35.33 meters, long 1.47 ± 35.33 meters"},{"Date and time (hourly)":"2022-10-16 17:00:00 UTC","Search Term":"Bertin","Location":"lat 43.568 ± 35.33 meters, long 1.47 ± 35.33 meters"},{"Date and time (hourly)":"2022-10-16 17:00:00 UTC","Search Term":"Berti","Location":"lat 43.568 ± 35.33 meters, long 1.47 ± 35.33 meters"},{"Date and time (hourly)":"2022-10-16 17:00:00 UTC","Search Term":"Bert","Location":"lat 43.568 ± 35.33 meters, long 1.47 ± 35.33 meters"},{"Date and time (hourly)":"2022-10-16 17:00:00 UTC","Search Term":"Ber","Location":"lat 43.568 ± 35.33 meters, long 1.47 ± 35.33 meters"},{"Date and time (hourly)":"2022-10-16 17:00:00 UTC","Search Term":"Be","Location":"lat 43.568 ± 35.33 meters, long 1.47 ± 35.33 meters"},{"Date and time (hourly)":"2022-10-16 17:00:00 UTC","Search Term":"B","Location":"lat 43.568 ± 35.33 meters, long 1.47 ± 35.33 meters"},{"Date and time (hourly)":"2022-10-20 21:00:00 UTC","Search Term":"nico","Location":"lat 43.568 ± 35.33 meters, long 1.466 ± 35.33 meters"},{"Date and time (hourly)":"2022-10-20 21:00:00 UTC","Search Term":"nic","Location":"lat 43.568 ± 35.33 meters, long 1.466 ± 35.33 meters"},{"Date and time (hourly)":"2022-10-20 21:00:00 UTC","Search Term":"ni","Location":"lat 43.568 ± 35.33 meters, long 1.466 ± 35.33 meters"},{"Date and time (hourly)":"2022-10-20 21:00:00 UTC","Search Term":"n","Location":"lat 43.568 ± 35.33 meters, long 1.466 ± 35.33 meters"},{"Date and time (hourly)":"2022-11-05 06:00:00 UTC","Search Term":"sanspixe1","Location":"lat 42.727 ± 8.83 meters, long 2.877 ± 8.83 meters"},{"Date and time (hourly)":"2022-10-16 20:00:00 UTC","Search Term":"mai_maiz0","Location":"lat 43.568 ± 35.33 meters, long 1.466 ± 35.33 meters"},{"Date and time (hourly)":"2022-10-16 20:00:00 UTC","Search Term":"mai_maiz","Location":"lat 43.568 ± 35.33 meters, long 1.466 ± 35.33 meters"},{"Date and time (hourly)":"2022-10-16 20:00:00 UTC","Search Term":"mai_mai","Location":"lat 43.568 ± 35.33 meters, long 1.466 ± 35.33 meters"},{"Date and time (hourly)":"2022-10-16 20:00:00 UTC","Search Term":"mai_ma","Location":"lat 43.568 ± 35.33 meters, long 1.466 ± 35.33 meters"},{"Date and time (hourly)":"2022-10-16 20:00:00 UTC","Search Term":"mai_m","Location":"lat 43.568 ± 35.33 meters, long 1.466 ± 35.33 meters"},{"Date and time (hourly)":"2022-10-16 20:00:00 UTC","Search Term":"mai_","Location":"lat 43.568 ± 35.33 meters, long 1.466 ± 35.33 meters"},{"Date and time (hourly)":"2022-10-16 20:00:00 UTC","Search Term":"mai","Location":"lat 43.568 ± 35.33 meters, long 1.466 ± 35.33 meters"},{"Date and time (hourly)":"2022-10-16 20:00:00 UTC","Search Term":"mai","Location":"lat 43.568 ± 35.33 meters, long 1.466 ± 35.33 meters"},{"Date and time (hourly)":"2022-10-16 20:00:00 UTC","Search Term":"ma","Location":"lat 43.568 ± 35.33 meters, long 1.466 ± 35.33 meters"},{"Date and time (hourly)":"2022-10-16 20:00:00 UTC","Search Term":"m","Location":"lat 43.568 ± 35.33 meters, long 1.466 ± 35.33 meters"},{"Date and time (hourly)":"2022-10-16 09:00:00 UTC","Search Term":"Julianaverra22","Location":"lat 43.568 ± 35.33 meters, long 1.47 ± 35.33 meters"},{"Date and time (hourly)":"2022-10-16 12:00:00 UTC","Search Term":"louisabenslim22","Location":"lat 43.573 ± 35.33 meters, long 1.471 ± 35.33 meters"},{"Date and time (hourly)":"2022-11-05 19:00:00 UTC","Search Term":"N","Location":"lat 43.569 ± 8.83 meters, long 1.466 ± 8.83 meters"},{"Date and time (hourly)":"2022-11-05 19:00:00 UTC","Search Term":"Ni","Location":"lat 43.569 ± 8.83 meters, long 1.466 ± 8.83 meters"},{"Date and time (hourly)":"2022-11-05 19:00:00 UTC","Search Term":"Nic","Location":"lat 43.569 ± 8.83 meters, long 1.466 ± 8.83 meters"},{"Date and time (hourly)":"2022-11-05 19:00:00 UTC","Search Term":"Nico","Location":"lat 43.569 ± 8.83 meters, long 1.466 ± 8.83 meters"},{"Date and time (hourly)":"2022-11-05 19:00:00 UTC","Search Term":"Nicol","Location":"lat 43.569 ± 8.83 meters, long 1.466 ± 8.83 meters"},{"Date and time (hourly)":"2022-11-05 19:00:00 UTC","Search Term":"Nicole","Location":"lat 43.569 ± 8.83 meters, long 1.466 ± 8.83 meters"},{"Date and time (hourly)":"2022-11-05 19:00:00 UTC","Search Term":"Nicole ","Location":"lat 43.569 ± 8.83 meters, long 1.466 ± 8.83 meters"},{"Date and time (hourly)":"2022-11-05 19:00:00 UTC","Search Term":"Nicole C","Location":"lat 43.569 ± 8.83 meters, long 1.466 ± 8.83 meters"},{"Date and time (hourly)":"2022-11-05 19:00:00 UTC","Search Term":"Nicole Co","Location":"lat 43.569 ± 8.83 meters, long 1.466 ± 8.83 meters"},{"Date and time (hourly)":"2022-11-05 19:00:00 UTC","Search Term":"Nicole Cos","Location":"lat 43.569 ± 8.83 meters, long 1.466 ± 8.83 meters"},{"Date and time (hourly)":"2022-11-05 19:00:00 UTC","Search Term":"Nicole Cost","Location":"lat 43.569 ± 8.83 meters, long 1.466 ± 8.83 meters"},{"Date and time (hourly)":"2022-11-05 19:00:00 UTC","Search Term":"Nicole Costa","Location":"lat 43.569 ± 8.83 meters, long 1.466 ± 8.83 meters"},{"Date and time (hourly)":"2022-11-05 19:00:00 UTC","Search Term":"Nicole CostaD","Location":"lat 43.569 ± 8.83 meters, long 1.466 ± 8.83 meters"},{"Date and time (hourly)":"2022-11-05 19:00:00 UTC","Search Term":"Nicole Costa","Location":"lat 43.569 ± 8.83 meters, long 1.466 ± 8.83 meters"},{"Date and time (hourly)":"2022-11-05 19:00:00 UTC","Search Term":"Nicole Cost","Location":"lat 43.569 ± 8.83 meters, long 1.466 ± 8.83 meters"},{"Date and time (hourly)":"2022-11-05 19:00:00 UTC","Search Term":"Nicole Cos","Location":"lat 43.569 ± 8.83 meters, long 1.466 ± 8.83 meters"},{"Date and time (hourly)":"2022-11-05 19:00:00 UTC","Search Term":"Nicole Co","Location":"lat 43.569 ± 8.83 meters, long 1.466 ± 8.83 meters"},{"Date and time (hourly)":"2022-11-05 19:00:00 UTC","Search Term":"Nicole C","Location":"lat 43.569 ± 8.83 meters, long 1.466 ± 8.83 meters"},{"Date and time (hourly)":"2022-11-05 19:00:00 UTC","Search Term":"Nicole ","Location":"lat 43.569 ± 8.83 meters, long 1.466 ± 8.83 meters"},{"Date and time (hourly)":"2022-11-05 19:00:00 UTC","Search Term":"Nicole X","Location":"lat 43.569 ± 8.83 meters, long 1.466 ± 8.83 meters"},{"Date and time (hourly)":"2022-11-05 19:00:00 UTC","Search Term":"Nicole ","Location":"lat 43.569 ± 8.83 meters, long 1.466 ± 8.83 meters"},{"Date and time (hourly)":"2022-11-05 19:00:00 UTC","Search Term":"Nicole","Location":"lat 43.569 ± 8.83 meters, long 1.466 ± 8.83 meters"},{"Date and time (hourly)":"2022-11-05 19:00:00 UTC","Search Term":"Nicole","Location":"lat 43.569 ± 8.83 meters, long 1.466 ± 8.83 meters"},{"Date and time (hourly)":"2022-11-05 19:00:00 UTC","Search Term":"Nicol","Location":"lat 43.569 ± 8.83 meters, long 1.466 ± 8.83 meters"},{"Date and time (hourly)":"2022-11-05 19:00:00 UTC","Search Term":"Nico","Location":"lat 43.569 ± 8.83 meters, long 1.466 ± 8.83 meters"},{"Date and time (hourly)":"2022-11-05 19:00:00 UTC","Search Term":"Nic","Location":"lat 43.569 ± 8.83 meters, long 1.466 ± 8.83 meters"},{"Date and time (hourly)":"2022-11-05 19:00:00 UTC","Search Term":"Ni","Location":"lat 43.569 ± 8.83 meters, long 1.466 ± 8.83 meters"},{"Date and time (hourly)":"2022-11-05 19:00:00 UTC","Search Term":"N","Location":"lat 43.569 ± 8.83 meters, long 1.466 ± 8.83 meters"},{"Date and time (hourly)":"2022-10-15 13:00:00 UTC","Search Term":"estelemoo","Location":"lat 43.572 ± 35.33 meters, long 1.469 ± 35.33 meters"},{"Date and time (hourly)":"2022-10-18 11:00:00 UTC","Search Term":"ness_imi","Location":"lat 43.573 ± 35.33 meters, long 1.471 ± 35.33 meters"},{"Date and time (hourly)":"2022-10-18 11:00:00 UTC","Search Term":"ness_im","Location":"lat 43.573 ± 35.33 meters, long 1.471 ± 35.33 meters"},{"Date and time (hourly)":"2022-10-18 11:00:00 UTC","Search Term":"ness_i","Location":"lat 43.573 ± 35.33 meters, long 1.471 ± 35.33 meters"},{"Date and time (hourly)":"2022-10-18 11:00:00 UTC","Search Term":"ness_","Location":"lat 43.573 ± 35.33 meters, long 1.471 ± 35.33 meters"},{"Date and time (hourly)":"2022-10-18 11:00:00 UTC","Search Term":"ness","Location":"lat 43.573 ± 35.33 meters, long 1.471 ± 35.33 meters"},{"Date and time (hourly)":"2022-10-18 11:00:00 UTC","Search Term":"ness","Location":"lat 43.573 ± 35.33 meters, long 1.471 ± 35.33 meters"},{"Date and time (hourly)":"2022-10-18 11:00:00 UTC","Search Term":"nes","Location":"lat 43.573 ± 35.33 meters, long 1.471 ± 35.33 meters"},{"Date and time (hourly)":"2022-10-18 11:00:00 UTC","Search Term":"ne","Location":"lat 43.573 ± 35.33 meters, long 1.471 ± 35.33 meters"},{"Date and time (hourly)":"2022-10-18 11:00:00 UTC","Search Term":"n","Location":"lat 43.573 ± 35.33 meters, long 1.471 ± 35.33 meters"}]