{"Shared Story":[],"Spotlight History":[{"Story Date":"2022-09-08 17:00:00 UTC","Story URL":"https://story.snapchat.com/o/W7_EDlXWTBiXAEEniNoMPwAAYeHJodGN3Z3hyAYMSE0cVAYMSEvY1AAAAAA","Action Type":"VIEW","View Time":"10.14 seconds"},{"Story Date":"2022-09-08 17:00:00 UTC","Story URL":"https://story.snapchat.com/o/W7_EDlXWTBiXAEEniNoMPwAAYa3hwbmFqaXZnAX_j_g7DAX_j_ggsAAAAAA","Action Type":"VIEW","View Time":"12.10 seconds"},{"Story Date":"2022-09-08 17:00:00 UTC","Story URL":"https://story.snapchat.com/o/W7_EDlXWTBiXAEEniNoMPwAAYdmVmd3Z2eWlkAYMXmEEYAYMXmCTtAAAAAA","Action Type":"VIEW","View Time":"8.19 seconds"}]}