{"Received Snap History":[{"From":"Call of","Media Type":"IMAGE","Created":"2022-05-30 07:52:49 UTC"},{"From":"Call of","Media Type":"VIDEO","Created":"2022-05-29 13:49:39 UTC"},{"From":"lucieee_bmz","Media Type":"VIDEO","Created":"2021-12-10 09:02:18 UTC"},{"From":"cloclo2638","Media Type":"IMAGE","Created":"2021-11-25 06:37:32 UTC"}],"Sent Snap History":[{"To":"laetitia_saca21","Media Type":"IMAGE","Created":"2022-10-19 06:00:02 UTC"},{"To":"una_x2zz","Media Type":"IMAGE","Created":"2022-01-08 16:44:05 UTC"},{"To":"una_x2zz","Media Type":"IMAGE","Created":"2022-01-08 16:42:42 UTC"}]}