{"Your Story Views":[{"Story Date":"2022-11-05 16:00:00 UTC","Story Views":0,"Story Replies":0},{"Story Date":"2022-11-05 11:00:00 UTC","Story Views":0,"Story Replies":0},{"Story Date":"2022-11-05 10:00:00 UTC","Story Views":0,"Story Replies":0},{"Story Date":"2022-11-04 20:00:00 UTC","Story Views":0,"Story Replies":0},{"Story Date":"2022-11-04 15:00:00 UTC","Story Views":0,"Story Replies":0},{"Story Date":"2022-11-04 14:00:00 UTC","Story Views":0,"Story Replies":0},{"Story Date":"2022-11-04 13:00:00 UTC","Story Views":0,"Story Replies":0},{"Story Date":"2022-11-04 11:00:00 UTC","Story Views":0,"Story Replies":0},{"Story Date":"2022-11-04 10:00:00 UTC","Story Views":0,"Story Replies":0},{"Story Date":"2022-11-04 09:00:00 UTC","Story Views":0,"Story Replies":0},{"Story Date":"2022-11-03 22:00:00 UTC","Story Views":0,"Story Replies":0},{"Story Date":"2022-11-03 21:00:00 UTC","Story Views":0,"Story Replies":0},{"Story Date":"2022-11-03 20:00:00 UTC","Story Views":0,"Story Replies":0},{"Story Date":"2022-11-03 19:00:00 UTC","Story Views":0,"Story Replies":0},{"Story Date":"2022-11-03 18:00:00 UTC","Story Views":0,"Story Replies":0},{"Story Date":"2022-11-03 17:00:00 UTC","Story Views":0,"Story Replies":0},{"Story Date":"2022-11-03 16:00:00 UTC","Story Views":0,"Story Replies":0},{"Story Date":"2022-11-03 15:00:00 UTC","Story Views":0,"Story Replies":0},{"Story Date":"2022-11-03 14:00:00 UTC","Story Views":0,"Story Replies":0},{"Story Date":"2022-11-03 13:00:00 UTC","Story Views":0,"Story Replies":0},{"Story Date":"2022-11-03 12:00:00 UTC","Story Views":0,"Story Replies":0},{"Story Date":"2022-11-03 11:00:00 UTC","Story Views":0,"Story Replies":0},{"Story Date":"2022-11-03 09:00:00 UTC","Story Views":0,"Story Replies":0},{"Story Date":"2022-11-02 22:00:00 UTC","Story Views":0,"Story Replies":0},{"Story Date":"2022-11-02 21:00:00 UTC","Story Views":0,"Story Replies":0},{"Story Date":"2022-11-02 20:00:00 UTC","Story Views":0,"Story Replies":0},{"Story Date":"2022-11-02 19:00:00 UTC","Story Views":0,"Story Replies":0},{"Story Date":"2022-11-02 18:00:00 UTC","Story Views":0,"Story Replies":0},{"Story Date":"2022-11-02 17:00:00 UTC","Story Views":0,"Story Replies":0},{"Story Date":"2022-11-02 16:00:00 UTC","Story Views":0,"Story Replies":0},{"Story Date":"2022-11-02 15:00:00 UTC","Story Views":0,"Story Replies":0},{"Story Date":"2022-11-02 14:00:00 UTC","Story Views":0,"Story Replies":0},{"Story Date":"2022-11-02 12:00:00 UTC","Story Views":0,"Story Replies":0},{"Story Date":"2022-11-02 11:00:00 UTC","Story Views":0,"Story Replies":0},{"Story Date":"2022-11-02 10:00:00 UTC","Story Views":0,"Story Replies":0},{"Story Date":"2022-11-01 22:00:00 UTC","Story Views":0,"Story Replies":0},{"Story Date":"2022-11-01 21:00:00 UTC","Story Views":0,"Story Replies":0},{"Story Date":"2022-11-01 20:00:00 UTC","Story Views":0,"Story Replies":0},{"Story Date":"2022-11-01 19:00:00 UTC","Story Views":0,"Story Replies":0},{"Story Date":"2022-11-01 18:00:00 UTC","Story Views":0,"Story Replies":0},{"Story Date":"2022-11-01 17:00:00 UTC","Story Views":0,"Story Replies":0},{"Story Date":"2022-11-01 15:00:00 UTC","Story Views":0,"Story Replies":0},{"Story Date":"2022-11-01 14:00:00 UTC","Story Views":0,"Story Replies":0},{"Story Date":"2022-11-01 13:00:00 UTC","Story Views":0,"Story Replies":0},{"Story Date":"2022-11-01 12:00:00 UTC","Story Views":0,"Story Replies":0},{"Story Date":"2022-11-01 01:00:00 UTC","Story Views":0,"Story Replies":0},{"Story Date":"2022-11-01 00:00:00 UTC","Story Views":0,"Story Replies":0},{"Story Date":"2022-10-31 23:00:00 UTC","Story Views":0,"Story Replies":0},{"Story Date":"2022-10-31 21:00:00 UTC","Story Views":0,"Story Replies":0},{"Story Date":"2022-10-31 20:00:00 UTC","Story Views":0,"Story Replies":0},{"Story Date":"2022-10-31 19:00:00 UTC","Story Views":0,"Story Replies":0},{"Story Date":"2022-10-31 18:00:00 UTC","Story Views":0,"Story Replies":0},{"Story Date":"2022-10-31 16:00:00 UTC","Story Views":0,"Story Replies":0},{"Story Date":"2022-10-31 15:00:00 UTC","Story Views":0,"Story Replies":0},{"Story Date":"2022-10-31 14:00:00 UTC","Story Views":0,"Story Replies":0},{"Story Date":"2022-10-31 13:00:00 UTC","Story Views":0,"Story Replies":0},{"Story Date":"2022-10-31 12:00:00 UTC","Story Views":0,"Story Replies":0},{"Story Date":"2022-10-31 08:00:00 UTC","Story Views":0,"Story Replies":0},{"Story Date":"2022-10-31 07:00:00 UTC","Story Views":0,"Story Replies":0},{"Story Date":"2022-10-31 01:00:00 UTC","Story Views":0,"Story Replies":0},{"Story Date":"2022-10-31 00:00:00 UTC","Story Views":0,"Story Replies":0},{"Story Date":"2022-10-30 23:00:00 UTC","Story Views":0,"Story Replies":0},{"Story Date":"2022-10-30 22:00:00 UTC","Story Views":0,"Story Replies":0},{"Story Date":"2022-10-30 21:00:00 UTC","Story Views":0,"Story Replies":0},{"Story Date":"2022-10-30 20:00:00 UTC","Story Views":0,"Story Replies":0},{"Story Date":"2022-10-30 19:00:00 UTC","Story Views":0,"Story Replies":0},{"Story Date":"2022-10-30 18:00:00 UTC","Story Views":0,"Story Replies":0},{"Story Date":"2022-10-30 17:00:00 UTC","Story Views":0,"Story Replies":0},{"Story Date":"2022-10-30 16:00:00 UTC","Story Views":0,"Story Replies":0},{"Story Date":"2022-10-30 14:00:00 UTC","Story Views":0,"Story Replies":0},{"Story Date":"2022-10-30 13:00:00 UTC","Story Views":0,"Story Replies":0},{"Story Date":"2022-10-30 11:00:00 UTC","Story Views":0,"Story Replies":0},{"Story Date":"2022-10-30 09:00:00 UTC","Story Views":0,"Story Replies":0},{"Story Date":"2022-10-30 08:00:00 UTC","Story Views":0,"Story Replies":0},{"Story Date":"2022-10-29 18:00:00 UTC","Story Views":0,"Story Replies":0},{"Story Date":"2022-10-29 17:00:00 UTC","Story Views":0,"Story Replies":0},{"Story Date":"2022-10-29 16:00:00 UTC","Story Views":0,"Story Replies":0},{"Story Date":"2022-10-29 15:00:00 UTC","Story Views":0,"Story Replies":0},{"Story Date":"2022-10-29 14:00:00 UTC","Story Views":0,"Story Replies":0},{"Story Date":"2022-10-29 13:00:00 UTC","Story Views":0,"Story Replies":0},{"Story Date":"2022-10-29 11:00:00 UTC","Story Views":0,"Story Replies":0},{"Story Date":"2022-10-29 10:00:00 UTC","Story Views":0,"Story Replies":0},{"Story Date":"2022-10-29 09:00:00 UTC","Story Views":0,"Story Replies":0},{"Story Date":"2022-10-29 08:00:00 UTC","Story Views":0,"Story Replies":0},{"Story Date":"2022-10-28 22:00:00 UTC","Story Views":0,"Story Replies":0},{"Story Date":"2022-10-28 21:00:00 UTC","Story Views":0,"Story Replies":0},{"Story Date":"2022-10-28 12:00:00 UTC","Story Views":0,"Story Replies":0},{"Story Date":"2022-10-28 11:00:00 UTC","Story Views":0,"Story Replies":0},{"Story Date":"2022-10-27 20:00:00 UTC","Story Views":0,"Story Replies":0},{"Story Date":"2022-10-27 19:00:00 UTC","Story Views":0,"Story Replies":0},{"Story Date":"2022-10-27 18:00:00 UTC","Story Views":0,"Story Replies":0},{"Story Date":"2022-10-27 17:00:00 UTC","Story Views":0,"Story Replies":0},{"Story Date":"2022-10-27 16:00:00 UTC","Story Views":0,"Story Replies":0},{"Story Date":"2022-10-27 15:00:00 UTC","Story Views":0,"Story Replies":0},{"Story Date":"2022-10-26 22:00:00 UTC","Story Views":0,"Story Replies":0},{"Story Date":"2022-10-26 21:00:00 UTC","Story Views":0,"Story Replies":0},{"Story Date":"2022-10-26 20:00:00 UTC","Story Views":0,"Story Replies":0},{"Story Date":"2022-10-26 19:00:00 UTC","Story Views":0,"Story Replies":0},{"Story Date":"2022-10-26 18:00:00 UTC","Story Views":0,"Story Replies":0},{"Story Date":"2022-10-26 16:00:00 UTC","Story Views":0,"Story Replies":0},{"Story Date":"2022-10-26 15:00:00 UTC","Story Views":0,"Story Replies":0},{"Story Date":"2022-10-26 13:00:00 UTC","Story Views":0,"Story Replies":0},{"Story Date":"2022-10-26 12:00:00 UTC","Story Views":0,"Story Replies":0},{"Story Date":"2022-10-26 11:00:00 UTC","Story Views":0,"Story Replies":0},{"Story Date":"2022-10-26 10:00:00 UTC","Story Views":0,"Story Replies":0},{"Story Date":"2022-10-25 21:00:00 UTC","Story Views":0,"Story Replies":0},{"Story Date":"2022-10-25 20:00:00 UTC","Story Views":0,"Story Replies":0},{"Story Date":"2022-10-25 19:00:00 UTC","Story Views":0,"Story Replies":0},{"Story Date":"2022-10-25 18:00:00 UTC","Story Views":0,"Story Replies":0},{"Story Date":"2022-10-25 17:00:00 UTC","Story Views":0,"Story Replies":0},{"Story Date":"2022-10-25 16:00:00 UTC","Story Views":0,"Story Replies":0},{"Story Date":"2022-10-25 12:00:00 UTC","Story Views":0,"Story Replies":0},{"Story Date":"2022-10-25 10:00:00 UTC","Story Views":0,"Story Replies":0},{"Story Date":"2022-10-25 05:00:00 UTC","Story Views":0,"Story Replies":0},{"Story Date":"2022-10-24 19:00:00 UTC","Story Views":0,"Story Replies":0},{"Story Date":"2022-10-24 18:00:00 UTC","Story Views":0,"Story Replies":0},{"Story Date":"2022-10-24 17:00:00 UTC","Story Views":0,"Story Replies":0},{"Story Date":"2022-10-24 13:00:00 UTC","Story Views":0,"Story Replies":0},{"Story Date":"2022-10-23 19:00:00 UTC","Story Views":0,"Story Replies":0},{"Story Date":"2022-10-23 18:00:00 UTC","Story Views":0,"Story Replies":0},{"Story Date":"2022-10-23 13:00:00 UTC","Story Views":0,"Story Replies":0},{"Story Date":"2022-10-22 18:00:00 UTC","Story Views":0,"Story Replies":0},{"Story Date":"2022-10-22 17:00:00 UTC","Story Views":0,"Story Replies":0},{"Story Date":"2022-10-22 16:00:00 UTC","Story Views":0,"Story Replies":0},{"Story Date":"2022-10-22 09:00:00 UTC","Story Views":0,"Story Replies":0},{"Story Date":"2022-10-22 08:00:00 UTC","Story Views":0,"Story Replies":0},{"Story Date":"2022-10-22 07:00:00 UTC","Story Views":0,"Story Replies":0},{"Story Date":"2022-10-22 06:00:00 UTC","Story Views":0,"Story Replies":0},{"Story Date":"2022-10-21 19:00:00 UTC","Story Views":0,"Story Replies":0},{"Story Date":"2022-10-21 18:00:00 UTC","Story Views":0,"Story Replies":0},{"Story Date":"2022-10-21 17:00:00 UTC","Story Views":0,"Story Replies":0},{"Story Date":"2022-10-21 14:00:00 UTC","Story Views":0,"Story Replies":0},{"Story Date":"2022-10-21 10:00:00 UTC","Story Views":0,"Story Replies":0},{"Story Date":"2022-10-21 09:00:00 UTC","Story Views":0,"Story Replies":0},{"Story Date":"2022-10-21 08:00:00 UTC","Story Views":0,"Story Replies":0},{"Story Date":"2022-10-21 07:00:00 UTC","Story Views":0,"Story Replies":0},{"Story Date":"2022-10-21 06:00:00 UTC","Story Views":0,"Story Replies":0},{"Story Date":"2022-10-21 02:00:00 UTC","Story Views":0,"Story Replies":0},{"Story Date":"2022-10-21 01:00:00 UTC","Story Views":0,"Story Replies":0},{"Story Date":"2022-10-21 00:00:00 UTC","Story Views":0,"Story Replies":0},{"Story Date":"2022-10-20 23:00:00 UTC","Story Views":0,"Story Replies":0},{"Story Date":"2022-10-20 22:00:00 UTC","Story Views":0,"Story Replies":0},{"Story Date":"2022-10-20 21:00:00 UTC","Story Views":0,"Story Replies":0},{"Story Date":"2022-10-20 20:00:00 UTC","Story Views":0,"Story Replies":0},{"Story Date":"2022-10-20 19:00:00 UTC","Story Views":0,"Story Replies":0},{"Story Date":"2022-10-20 18:00:00 UTC","Story Views":0,"Story Replies":0},{"Story Date":"2022-10-20 17:00:00 UTC","Story Views":0,"Story Replies":0},{"Story Date":"2022-10-20 16:00:00 UTC","Story Views":0,"Story Replies":0},{"Story Date":"2022-10-20 15:00:00 UTC","Story Views":0,"Story Replies":0},{"Story Date":"2022-10-20 13:00:00 UTC","Story Views":0,"Story Replies":0},{"Story Date":"2022-10-20 12:00:00 UTC","Story Views":0,"Story Replies":0},{"Story Date":"2022-10-20 08:00:00 UTC","Story Views":0,"Story Replies":0},{"Story Date":"2022-10-20 07:00:00 UTC","Story Views":0,"Story Replies":0},{"Story Date":"2022-10-20 06:00:00 UTC","Story Views":0,"Story Replies":0},{"Story Date":"2022-10-20 05:00:00 UTC","Story Views":0,"Story Replies":0},{"Story Date":"2022-10-19 20:00:00 UTC","Story Views":0,"Story Replies":0},{"Story Date":"2022-10-19 19:00:00 UTC","Story Views":0,"Story Replies":0},{"Story Date":"2022-10-19 18:00:00 UTC","Story Views":0,"Story Replies":0},{"Story Date":"2022-10-19 17:00:00 UTC","Story Views":0,"Story Replies":0},{"Story Date":"2022-10-19 15:00:00 UTC","Story Views":0,"Story Replies":0},{"Story Date":"2022-10-19 14:00:00 UTC","Story Views":0,"Story Replies":0},{"Story Date":"2022-10-19 13:00:00 UTC","Story Views":0,"Story Replies":0},{"Story Date":"2022-10-19 12:00:00 UTC","Story Views":0,"Story Replies":0},{"Story Date":"2022-10-19 11:00:00 UTC","Story Views":0,"Story Replies":0},{"Story Date":"2022-10-19 10:00:00 UTC","Story Views":0,"Story Replies":0},{"Story Date":"2022-10-19 09:00:00 UTC","Story Views":0,"Story Replies":0},{"Story Date":"2022-10-19 08:00:00 UTC","Story Views":0,"Story Replies":0},{"Story Date":"2022-10-19 07:00:00 UTC","Story Views":0,"Story Replies":0},{"Story Date":"2022-10-19 06:00:00 UTC","Story Views":0,"Story Replies":0},{"Story Date":"2022-10-19 05:00:00 UTC","Story Views":0,"Story Replies":0},{"Story Date":"2022-10-19 02:00:00 UTC","Story Views":0,"Story Replies":0},{"Story Date":"2022-10-18 22:00:00 UTC","Story Views":0,"Story Replies":0},{"Story Date":"2022-10-18 21:00:00 UTC","Story Views":0,"Story Replies":0},{"Story Date":"2022-10-18 20:00:00 UTC","Story Views":0,"Story Replies":0},{"Story Date":"2022-10-18 19:00:00 UTC","Story Views":0,"Story Replies":0},{"Story Date":"2022-10-18 18:00:00 UTC","Story Views":0,"Story Replies":0},{"Story Date":"2022-10-17 09:00:00 UTC","Story Views":0,"Story Replies":0},{"Story Date":"2022-10-16 23:00:00 UTC","Story Views":0,"Story Replies":0},{"Story Date":"2022-10-16 22:00:00 UTC","Story Views":0,"Story Replies":0},{"Story Date":"2022-10-16 21:00:00 UTC","Story Views":0,"Story Replies":0},{"Story Date":"2022-10-16 19:00:00 UTC","Story Views":0,"Story Replies":0},{"Story Date":"2022-10-16 15:00:00 UTC","Story Views":0,"Story Replies":0},{"Story Date":"2022-10-16 14:00:00 UTC","Story Views":0,"Story Replies":0},{"Story Date":"2022-10-16 13:00:00 UTC","Story Views":0,"Story Replies":0},{"Story Date":"2022-10-16 12:00:00 UTC","Story Views":0,"Story Replies":0},{"Story Date":"2022-10-16 10:00:00 UTC","Story Views":0,"Story Replies":0},{"Story Date":"2022-10-16 09:00:00 UTC","Story Views":0,"Story Replies":0},{"Story Date":"2022-10-15 22:00:00 UTC","Story Views":0,"Story Replies":0},{"Story Date":"2022-10-15 21:00:00 UTC","Story Views":0,"Story Replies":0},{"Story Date":"2022-10-15 20:00:00 UTC","Story Views":0,"Story Replies":0},{"Story Date":"2022-10-15 19:00:00 UTC","Story Views":0,"Story Replies":0},{"Story Date":"2022-10-15 17:00:00 UTC","Story Views":0,"Story Replies":0},{"Story Date":"2022-10-15 16:00:00 UTC","Story Views":0,"Story Replies":0},{"Story Date":"2022-10-11 02:00:00 UTC","Story Views":0,"Story Replies":0},{"Story Date":"2022-10-09 21:00:00 UTC","Story Views":0,"Story Replies":0}],"Friend and Public Story Views":[{"View":"mai_maiz0","Media Type":"VIDEO","View Date":"2022-11-06 00:53:34 UTC"},{"View":"mai_maiz0","Media Type":"STORY","View Date":"2022-11-06 00:53:34 UTC"},{"View":"0","Media Type":"","View Date":"2022-11-06 00:50:29 UTC"},{"View":"0","Media Type":"STORY","View Date":"2022-11-06 00:50:29 UTC"},{"View":"laetitia_saca21","Media Type":"VIDEO","View Date":"2022-11-05 18:30:03 UTC"},{"View":"laetitia_saca21","Media Type":"STORY","View Date":"2022-11-05 18:30:03 UTC"},{"View":"laetitia_saca21","Media Type":"VIDEO","View Date":"2022-11-05 18:30:02 UTC"},{"View":"laetitia_saca21","Media Type":"STORY","View Date":"2022-11-05 18:30:02 UTC"},{"View":"laetitia_saca21","Media Type":"STORY","View Date":"2022-11-05 16:20:05 UTC"},{"View":"laetitia_saca21","Media Type":"VIDEO","View Date":"2022-11-05 16:20:04 UTC"},{"View":"laetitia_saca21","Media Type":"VIDEO","View Date":"2022-11-05 16:20:04 UTC"},{"View":"laetitia_saca21","Media Type":"STORY","View Date":"2022-11-05 14:47:10 UTC"},{"View":"laetitia_saca21","Media Type":"","View Date":"2022-11-05 14:46:08 UTC"},{"View":"laetitia_saca21","Media Type":"","View Date":"2022-11-04 20:58:22 UTC"},{"View":"laetitia_saca21","Media Type":"","View Date":"2022-11-04 20:58:22 UTC"},{"View":"laetitia_saca21","Media Type":"STORY","View Date":"2022-11-04 20:58:22 UTC"},{"View":"laetitia_saca21","Media Type":"","View Date":"2022-11-04 20:58:20 UTC"},{"View":"laetitia_saca21","Media Type":"","View Date":"2022-11-04 20:58:19 UTC"},{"View":"laetitia_saca21","Media Type":"VIDEO","View Date":"2022-11-04 20:58:18 UTC"},{"View":"laetitia_saca21","Media Type":"VIDEO","View Date":"2022-11-04 20:58:08 UTC"},{"View":"laetitia_saca21","Media Type":"STORY","View Date":"2022-11-04 20:58:08 UTC"},{"View":"laetitia_saca21","Media Type":"","View Date":"2022-11-04 20:58:02 UTC"},{"View":"laetitia_saca21","Media Type":"","View Date":"2022-11-04 20:58:02 UTC"},{"View":"laetitia_saca21","Media Type":"","View Date":"2022-11-04 20:58:00 UTC"},{"View":"laetitia_saca21","Media Type":"","View Date":"2022-11-04 20:57:58 UTC"},{"View":"infointoxmelty","Media Type":"VIDEO","View Date":"2022-11-04 09:43:01 UTC"},{"View":"infointoxmelty","Media Type":"STORY","View Date":"2022-11-04 09:43:01 UTC"},{"View":"laetitia_saca21","Media Type":"STORY","View Date":"2022-11-04 09:43:00 UTC"},{"View":"laetitia_saca21","Media Type":"VIDEO","View Date":"2022-11-04 09:42:59 UTC"},{"View":"toylor_millsse","Media Type":"VIDEO","View Date":"2022-11-02 12:58:30 UTC"},{"View":"toylor_millsse","Media Type":"STORY","View Date":"2022-11-02 12:58:30 UTC"},{"View":"laetitia_saca21","Media Type":"STORY","View Date":"2022-11-02 12:58:29 UTC"},{"View":"laetitia_saca21","Media Type":"","View Date":"2022-11-02 12:58:27 UTC"},{"View":"temuulen_28","Media Type":"","View Date":"2022-11-01 20:14:00 UTC"},{"View":"temuulen_28","Media Type":"STORY","View Date":"2022-11-01 20:14:00 UTC"},{"View":"laetitia_saca21","Media Type":"VIDEO","View Date":"2022-11-01 20:13:59 UTC"},{"View":"laetitia_saca21","Media Type":"STORY","View Date":"2022-11-01 20:13:59 UTC"},{"View":"laetitia_saca21","Media Type":"VIDEO","View Date":"2022-11-01 20:13:58 UTC"},{"View":"laetitia_saca21","Media Type":"VIDEO","View Date":"2022-11-01 20:13:58 UTC"},{"View":"laetitia_saca21","Media Type":"VIDEO","View Date":"2022-11-01 19:51:16 UTC"},{"View":"laetitia_saca21","Media Type":"STORY","View Date":"2022-11-01 19:51:16 UTC"},{"View":"halrul","Media Type":"STORY","View Date":"2022-10-31 21:47:46 UTC"},{"View":"halrul","Media Type":"","View Date":"2022-10-31 21:47:44 UTC"},{"View":"halrul","Media Type":"STORY","View Date":"2022-10-31 19:39:29 UTC"},{"View":"halrul","Media Type":"","View Date":"2022-10-31 19:39:28 UTC"},{"View":"bricoletous","Media Type":"VIDEO","View Date":"2022-10-31 12:02:43 UTC"},{"View":"bricoletous","Media Type":"STORY","View Date":"2022-10-31 12:02:43 UTC"},{"View":"bricoletous","Media Type":"VIDEO","View Date":"2022-10-31 12:02:42 UTC"},{"View":"pamymounkala","Media Type":"VIDEO","View Date":"2022-10-31 12:02:42 UTC"},{"View":"pamymounkala","Media Type":"STORY","View Date":"2022-10-31 12:02:42 UTC"},{"View":"pamymounkala","Media Type":"VIDEO","View Date":"2022-10-31 12:02:41 UTC"},{"View":"pamymounkala","Media Type":"VIDEO","View Date":"2022-10-31 12:02:41 UTC"},{"View":"pamymounkala","Media Type":"VIDEO","View Date":"2022-10-31 12:02:40 UTC"},{"View":"laetitia_saca21","Media Type":"STORY","View Date":"2022-10-31 12:02:39 UTC"},{"View":"laetitia_saca21","Media Type":"VIDEO","View Date":"2022-10-31 12:02:38 UTC"},{"View":"laetitia_saca21","Media Type":"","View Date":"2022-10-31 12:02:36 UTC"},{"View":"leshowbusiness","Media Type":"VIDEO","View Date":"2022-10-30 18:56:06 UTC"},{"View":"leshowbusiness","Media Type":"STORY","View Date":"2022-10-30 18:56:06 UTC"},{"View":"leshowbusiness","Media Type":"VIDEO","View Date":"2022-10-30 18:55:59 UTC"},{"View":"leshowbusiness","Media Type":"VIDEO","View Date":"2022-10-30 18:55:56 UTC"},{"View":"leshowbusiness","Media Type":"VIDEO","View Date":"2022-10-30 18:55:52 UTC"},{"View":"leshowbusiness","Media Type":"VIDEO","View Date":"2022-10-30 18:55:48 UTC"},{"View":"toylor_millsse","Media Type":"STORY","View Date":"2022-10-30 18:55:44 UTC"},{"View":"toylor_millsse","Media Type":"VIDEO","View Date":"2022-10-30 18:55:43 UTC"},{"View":"toylor_millsse","Media Type":"VIDEO","View Date":"2022-10-30 18:55:42 UTC"},{"View":"toylor_millsse","Media Type":"VIDEO","View Date":"2022-10-30 18:55:42 UTC"},{"View":"leshowbusiness","Media Type":"VIDEO","View Date":"2022-10-30 18:24:25 UTC"},{"View":"leshowbusiness","Media Type":"STORY","View Date":"2022-10-30 18:24:25 UTC"},{"View":"leshowbusiness","Media Type":"VIDEO","View Date":"2022-10-30 18:24:18 UTC"},{"View":"leshowbusiness","Media Type":"VIDEO","View Date":"2022-10-30 18:24:13 UTC"},{"View":"leshowbusiness","Media Type":"VIDEO","View Date":"2022-10-30 18:24:11 UTC"},{"View":"leshowbusiness","Media Type":"STORY","View Date":"2022-10-30 18:24:07 UTC"},{"View":"leshowbusiness","Media Type":"VIDEO","View Date":"2022-10-30 18:24:07 UTC"},{"View":"toylor_millsse","Media Type":"STORY","View Date":"2022-10-30 18:24:05 UTC"},{"View":"toylor_millsse","Media Type":"VIDEO","View Date":"2022-10-30 18:24:04 UTC"},{"View":"temuulen_28","Media Type":"STORY","View Date":"2022-10-30 18:23:58 UTC"},{"View":"temuulen_28","Media Type":"VIDEO","View Date":"2022-10-30 18:23:57 UTC"},{"View":"temuulen_28","Media Type":"VIDEO","View Date":"2022-10-30 18:23:56 UTC"},{"View":"pamymounkala","Media Type":"VIDEO","View Date":"2022-10-30 16:38:37 UTC"},{"View":"pamymounkala","Media Type":"STORY","View Date":"2022-10-30 16:38:37 UTC"},{"View":"laetitia_saca21","Media Type":"STORY","View Date":"2022-10-30 16:38:35 UTC"},{"View":"laetitia_saca21","Media Type":"VIDEO","View Date":"2022-10-30 16:38:34 UTC"},{"View":"laetitia_saca21","Media Type":"VIDEO","View Date":"2022-10-30 16:38:33 UTC"},{"View":"laetitia_saca21","Media Type":"VIDEO","View Date":"2022-10-30 16:38:32 UTC"},{"View":"laetitia_saca21","Media Type":"VIDEO","View Date":"2022-10-30 16:38:32 UTC"},{"View":"laetitia_saca21","Media Type":"","View Date":"2022-10-29 04:41:07 UTC"},{"View":"laetitia_saca21","Media Type":"STORY","View Date":"2022-10-29 04:41:07 UTC"},{"View":"laetitia_saca21","Media Type":"","View Date":"2022-10-29 04:41:04 UTC"},{"View":"laetitia_saca21","Media Type":"VIDEO","View Date":"2022-10-29 04:41:03 UTC"},{"View":"laetitia_saca21","Media Type":"VIDEO","View Date":"2022-10-27 20:29:49 UTC"},{"View":"laetitia_saca21","Media Type":"STORY","View Date":"2022-10-27 20:29:49 UTC"},{"View":"laetitia_saca21","Media Type":"VIDEO","View Date":"2022-10-27 20:29:48 UTC"},{"View":"laetitia_saca21","Media Type":"VIDEO","View Date":"2022-10-27 20:29:47 UTC"},{"View":"laetitia_saca21","Media Type":"VIDEO","View Date":"2022-10-27 20:29:47 UTC"},{"View":"laetitia_saca21","Media Type":"VIDEO","View Date":"2022-10-27 20:29:46 UTC"},{"View":"laetitia_saca21","Media Type":"VIDEO","View Date":"2022-10-27 20:29:46 UTC"},{"View":"aleexia_91","Media Type":"","View Date":"2022-10-27 15:35:34 UTC"},{"View":"aleexia_91","Media Type":"STORY","View Date":"2022-10-27 15:35:34 UTC"},{"View":"aleexia_91","Media Type":"","View Date":"2022-10-27 15:35:33 UTC"},{"View":"laetitia_saca21","Media Type":"STORY","View Date":"2022-10-27 15:35:32 UTC"},{"View":"laetitia_saca21","Media Type":"VIDEO","View Date":"2022-10-27 15:35:31 UTC"},{"View":"laetitia_saca21","Media Type":"STORY","View Date":"2022-10-26 15:15:07 UTC"},{"View":"laetitia_saca21","Media Type":"VIDEO","View Date":"2022-10-26 15:15:06 UTC"},{"View":"laetitia_saca21","Media Type":"STORY","View Date":"2022-10-26 10:14:58 UTC"},{"View":"laetitia_saca21","Media Type":"VIDEO","View Date":"2022-10-26 10:14:57 UTC"},{"View":"laetitia_saca21","Media Type":"VIDEO","View Date":"2022-10-26 10:14:56 UTC"},{"View":"laetitia_saca21","Media Type":"STORY","View Date":"2022-10-25 19:09:23 UTC"},{"View":"laetitia_saca21","Media Type":"VIDEO","View Date":"2022-10-25 19:09:22 UTC"},{"View":"nicole_linhares","Media Type":"STORY","View Date":"2022-10-24 19:06:18 UTC"},{"View":"nicole_linhares","Media Type":"","View Date":"2022-10-24 19:06:17 UTC"},{"View":"laetitia_saca21","Media Type":"STORY","View Date":"2022-10-24 18:18:06 UTC"},{"View":"laetitia_saca21","Media Type":"VIDEO","View Date":"2022-10-24 18:18:05 UTC"},{"View":"laetitia_saca21","Media Type":"VIDEO","View Date":"2022-10-24 18:18:04 UTC"},{"View":"halrul","Media Type":"","View Date":"2022-10-23 18:05:16 UTC"},{"View":"halrul","Media Type":"STORY","View Date":"2022-10-23 18:05:16 UTC"},{"View":"laetitia_saca21","Media Type":"STORY","View Date":"2022-10-23 18:05:14 UTC"},{"View":"laetitia_saca21","Media Type":"VIDEO","View Date":"2022-10-23 18:05:13 UTC"},{"View":"laetitia_saca21","Media Type":"VIDEO","View Date":"2022-10-23 18:05:12 UTC"},{"View":"laetitia_saca21","Media Type":"STORY","View Date":"2022-10-22 17:16:46 UTC"},{"View":"laetitia_saca21","Media Type":"VIDEO","View Date":"2022-10-22 17:16:45 UTC"},{"View":"laetitia_saca21","Media Type":"VIDEO","View Date":"2022-10-22 17:16:44 UTC"},{"View":"laetitia_saca21","Media Type":"VIDEO","View Date":"2022-10-22 17:16:44 UTC"},{"View":"laetitia_saca21","Media Type":"VIDEO","View Date":"2022-10-22 16:14:41 UTC"},{"View":"laetitia_saca21","Media Type":"STORY","View Date":"2022-10-22 16:14:41 UTC"},{"View":"laetitia_saca21","Media Type":"VIDEO","View Date":"2022-10-22 16:14:40 UTC"},{"View":"laetitia_saca21","Media Type":"VIDEO","View Date":"2022-10-22 16:14:39 UTC"},{"View":"laetitia_saca21","Media Type":"VIDEO","View Date":"2022-10-22 16:14:39 UTC"},{"View":"laetitia_saca21","Media Type":"VIDEO","View Date":"2022-10-22 16:14:38 UTC"},{"View":"laetitia_saca21","Media Type":"VIDEO","View Date":"2022-10-22 16:14:37 UTC"},{"View":"laetitia_saca21","Media Type":"VIDEO","View Date":"2022-10-22 16:14:36 UTC"},{"View":"laetitia_saca21","Media Type":"VIDEO","View Date":"2022-10-22 16:14:36 UTC"},{"View":"laetitia_saca21","Media Type":"VIDEO","View Date":"2022-10-22 16:14:35 UTC"},{"View":"laetitia_saca21","Media Type":"VIDEO","View Date":"2022-10-22 16:14:32 UTC"},{"View":"laetitia_saca21","Media Type":"VIDEO","View Date":"2022-10-22 16:14:31 UTC"},{"View":"laetitia_saca21","Media Type":"VIDEO","View Date":"2022-10-22 16:14:31 UTC"},{"View":"laetitia_saca21","Media Type":"VIDEO","View Date":"2022-10-22 16:14:30 UTC"},{"View":"laetitia_saca21","Media Type":"VIDEO","View Date":"2022-10-22 16:14:28 UTC"},{"View":"laetitia_saca21","Media Type":"VIDEO","View Date":"2022-10-22 16:14:28 UTC"},{"View":"laetitia_saca21","Media Type":"","View Date":"2022-10-22 16:14:27 UTC"},{"View":"laetitia_saca21","Media Type":"","View Date":"2022-10-22 16:14:27 UTC"},{"View":"laetitia_saca21","Media Type":"VIDEO","View Date":"2022-10-22 16:14:26 UTC"},{"View":"hamnichanis","Media Type":"STORY","View Date":"2022-10-21 17:06:40 UTC"},{"View":"hamnichanis","Media Type":"","View Date":"2022-10-21 17:06:39 UTC"},{"View":"laetitia_saca21","Media Type":"VIDEO","View Date":"2022-10-21 17:02:29 UTC"},{"View":"laetitia_saca21","Media Type":"STORY","View Date":"2022-10-21 17:02:29 UTC"},{"View":"nicole_linhares","Media Type":"","View Date":"2022-10-20 21:55:13 UTC"},{"View":"nicole_linhares","Media Type":"STORY","View Date":"2022-10-20 21:55:13 UTC"},{"View":"nicole_linhares","Media Type":"","View Date":"2022-10-20 21:55:10 UTC"},{"View":"nicole_linhares","Media Type":"STORY","View Date":"2022-10-20 21:55:10 UTC"},{"View":"nicole_linhares","Media Type":"","View Date":"2022-10-20 21:55:09 UTC"},{"View":"nicole_linhares","Media Type":"STORY","View Date":"2022-10-20 21:55:09 UTC"},{"View":"nicole_linhares","Media Type":"VIDEO","View Date":"2022-10-20 21:54:59 UTC"},{"View":"nicole_linhares","Media Type":"STORY","View Date":"2022-10-20 21:54:59 UTC"},{"View":"nicole_linhares","Media Type":"","View Date":"2022-10-20 21:54:57 UTC"},{"View":"nicole_linhares","Media Type":"STORY","View Date":"2022-10-20 21:54:57 UTC"},{"View":"nicole_linhares","Media Type":"","View Date":"2022-10-20 21:54:56 UTC"},{"View":"nicole_linhares","Media Type":"STORY","View Date":"2022-10-20 21:54:56 UTC"},{"View":"nicole_linhares","Media Type":"","View Date":"2022-10-20 21:54:55 UTC"},{"View":"nicole_linhares","Media Type":"STORY","View Date":"2022-10-20 21:54:55 UTC"},{"View":"laetitia_saca21","Media Type":"","View Date":"2022-10-19 14:14:52 UTC"},{"View":"laetitia_saca21","Media Type":"STORY","View Date":"2022-10-19 14:14:52 UTC"},{"View":"laetitia_saca21","Media Type":"","View Date":"2022-10-19 14:14:47 UTC"},{"View":"laetitia_saca21","Media Type":"STORY","View Date":"2022-10-19 14:14:47 UTC"},{"View":"laetitia_saca21","Media Type":"STORY","View Date":"2022-10-19 09:17:54 UTC"},{"View":"laetitia_saca21","Media Type":"VIDEO","View Date":"2022-10-19 09:17:53 UTC"},{"View":"laetitia_saca21","Media Type":"STORY","View Date":"2022-10-19 08:08:50 UTC"},{"View":"laetitia_saca21","Media Type":"","View Date":"2022-10-19 08:08:49 UTC"},{"View":"callmeslooo","Media Type":"VIDEO","View Date":"2022-10-18 18:52:37 UTC"},{"View":"callmeslooo","Media Type":"STORY","View Date":"2022-10-18 18:52:37 UTC"},{"View":"toylor_millsse","Media Type":"VIDEO","View Date":"2022-10-18 18:52:35 UTC"},{"View":"toylor_millsse","Media Type":"STORY","View Date":"2022-10-18 18:52:35 UTC"},{"View":"toylor_millsse","Media Type":"VIDEO","View Date":"2022-10-18 18:52:34 UTC"},{"View":"toylor_millsse","Media Type":"VIDEO","View Date":"2022-10-18 18:52:33 UTC"},{"View":"toylor_millsse","Media Type":"VIDEO","View Date":"2022-10-18 18:52:32 UTC"},{"View":"hamnichanis","Media Type":"","View Date":"2022-10-18 18:06:50 UTC"},{"View":"hamnichanis","Media Type":"STORY","View Date":"2022-10-18 18:06:50 UTC"},{"View":"hamnichanis","Media Type":"","View Date":"2022-10-18 18:06:33 UTC"},{"View":"hamnichanis","Media Type":"STORY","View Date":"2022-10-18 18:06:33 UTC"},{"View":"thebimpa12","Media Type":"","View Date":"2022-10-16 22:30:56 UTC"},{"View":"thebimpa12","Media Type":"","View Date":"2022-10-16 22:30:56 UTC"},{"View":"thebimpa12","Media Type":"STORY","View Date":"2022-10-16 22:30:56 UTC"},{"View":"thebimpa12","Media Type":"","View Date":"2022-10-16 22:30:55 UTC"},{"View":"thebimpa12","Media Type":"","View Date":"2022-10-16 22:30:55 UTC"},{"View":"pamymounkala","Media Type":"STORY","View Date":"2022-10-16 22:30:54 UTC"},{"View":"pamymounkala","Media Type":"VIDEO","View Date":"2022-10-16 22:30:52 UTC"},{"View":"pamymounkala","Media Type":"VIDEO","View Date":"2022-10-16 22:30:51 UTC"},{"View":"pamymounkala","Media Type":"VIDEO","View Date":"2022-10-16 22:30:51 UTC"},{"View":"mai_maiz0","Media Type":"VIDEO","View Date":"2022-10-16 20:08:12 UTC"},{"View":"mai_maiz0","Media Type":"STORY","View Date":"2022-10-16 20:08:12 UTC"},{"View":"mai_maiz0","Media Type":"","View Date":"2022-10-16 20:08:09 UTC"},{"View":"mai_maiz0","Media Type":"STORY","View Date":"2022-10-16 20:08:09 UTC"},{"View":"mai_maiz0","Media Type":"VIDEO","View Date":"2022-10-16 20:08:09 UTC"},{"View":"mai_maiz0","Media Type":"STORY","View Date":"2022-10-16 20:08:09 UTC"},{"View":"mai_maiz0","Media Type":"STORY","View Date":"2022-10-16 20:08:07 UTC"},{"View":"louisabenslim22","Media Type":"VIDEO","View Date":"2022-10-16 12:11:40 UTC"},{"View":"louisabenslim22","Media Type":"STORY","View Date":"2022-10-16 12:11:40 UTC"},{"View":"louisabenslim22","Media Type":"","View Date":"2022-10-16 12:11:38 UTC"},{"View":"fauxtextos","Media Type":"VIDEO","View Date":"2022-10-16 09:59:39 UTC"},{"View":"fauxtextos","Media Type":"STORY","View Date":"2022-10-16 09:59:39 UTC"},{"View":"thebimpa12","Media Type":"","View Date":"2022-10-16 09:59:38 UTC"},{"View":"thebimpa12","Media Type":"STORY","View Date":"2022-10-16 09:59:38 UTC"},{"View":"thebimpa12","Media Type":"","View Date":"2022-10-16 09:59:33 UTC"},{"View":"thebimpa12","Media Type":"STORY","View Date":"2022-10-16 09:59:33 UTC"},{"View":"thebimpa12","Media Type":"","View Date":"2022-10-16 09:59:27 UTC"},{"View":"thebimpa12","Media Type":"","View Date":"2022-10-16 09:59:26 UTC"},{"View":"thebimpa12","Media Type":"","View Date":"2022-10-16 09:59:25 UTC"},{"View":"no name","Media Type":"","View Date":"2022-10-16 09:22:24 UTC"},{"View":"no name","Media Type":"STORY","View Date":"2022-10-16 09:22:24 UTC"},{"View":"no name","Media Type":"","View Date":"2022-10-16 09:22:22 UTC"},{"View":"no name","Media Type":"STORY","View Date":"2022-10-16 09:22:22 UTC"},{"View":"nicole_linhares","Media Type":"","View Date":"2022-10-10 11:55:32 UTC"},{"View":"nicole_linhares","Media Type":"STORY","View Date":"2022-10-10 11:55:32 UTC"}]}