{"App Profile":{"Country":"FR","Creation Time":"2021-05-31 19:04:07 UTC","Account Creation Country":"FR","Platform Version":"ANDROID","In-app Language":"fr"},"Demographics":{"Cohort Age":"AGE_18_TO_20","Derived Ad Demographic":"MALE"},"Subscriptions":[],"Engagement":[{"Event":"Application Opens","Occurrences":1253},{"Event":"Snap Views","Occurrences":76},{"Event":"Snap Sends","Occurrences":20},{"Event":"Chats Sent","Occurrences":1649},{"Event":"Chats Viewed","Occurrences":1397},{"Event":"Direct Snaps Created","Occurrences":19},{"Event":"Story Views","Occurrences":57},{"Event":"Snaps Viewed in a Story","Occurrences":111},{"Event":"Story Ads Viewed","Occurrences":30},{"Event":"Discover Editions Viewed","Occurrences":4},{"Event":"Discover Snap Views","Occurrences":11},{"Event":"Geofilter Story Snaps Viewed","Occurrences":22},{"Event":"Direct Snaps Viewed","Occurrences":44},{"Event":"Geofilter Snap Sends","Occurrences":1}],"Discover Channels Viewed":[{"Channel Name":"a9494476-9e5a-4525-bafc-376172650d09"},{"Channel Name":"c66b1c1a-aa7f-486d-8c52-41e1c3292851"}],"Breakdown of Time Spent on App":["Camera: 1.81%","Discover: 0.34%","Map: 0.05%","Memories: 0.00%","Messaging: 96.95%","Others: 0.48%","Profile: 0.37%"],"Ads You Interacted With":[{"Advertiser Name":"Bermuda","Date":"2021-11-30"},{"Advertiser Name":"catbyte GbR","Date":"2022-02-25"},{"Advertiser Name":"air up","Date":"2022-08-27"},{"Advertiser Name":"OMD France","Date":"2022-10-08"}],"Interest Categories":["Hip-Hop Music Fans","Business News Watchers","News Watchers","Political News Watchers","Celebrity News Watchers","Techies & Gadget Fans - HEC","Frequent Domestic Travelers","Outdoor & Nature Enthusiasts","Travel Enthusiasts - HEC","Philanthropists","Pet & Animal Lovers","Talk Show Fans","Fun Trivia & Quiz Fanatics - HEC","Mobile Gamers - Casual","Talent & Competition Show Fans","PC Gamers","Furniture Stores","Mobile Gamers - Simulation","Advocates & Activists - HEC","Teen & Young Adult Genre Fans","Restaurants","Shopping","Department Stores","Lakes & Rivers - HEC","Landmarks & Monuments","Parks","Lakes & Rivers","Department Stores - HEC","Shopping - HEC","Camping & Recreational Areas","Math & Science Enthusiasts","Men's Lifestyle","Music Fans","Dance & Electronic Music Fans","Oral Care Shoppers","Pop Music Fans","Dining & Nightlife","QSR Restaurants","Children's Apparel","Apparel Stores","Cafes & Coffee Shops","Fast Food Junkies","Cooking Enthusiasts","Gamers","Vegans & Organic Foodies","Console & PC Gamers","Mobile Gamers","Hipsters & Trendsetters","Fun Trivia & Quiz Fanatics","Investors & Entrepreneurs","Sci-fi & Fantasy Fans - HEC","Chat Fiction Enthusiasts","Meme Watchers","Video Game Stores","Advocates & Activists","Cordcutters - HEC","Drama Genre Fans - HEC","Wine Enthusiasts","Family Genre Fans - HEC","Discount & Thrifty Shoppers","Pharmacies","Sci-fi & Fantasy Fans","Romance & Rom-Com Fans","Superhero Film Fans","Foodies","Movie Theaters","Indie & Foreign Film Fans - HEC","Film & TV Fans - HEC","Candy & Sweets Lovers","Social Drinkers","Pizza Lovers","Mobile Gamers - Mid-Core and Hardcore","Arts & Entertainment","Coffee Lovers","Gyms & Fitness Centers","Banks & Credit Unions","Shopping Mall Shoppers","Mobile Gamers - Hypercasual","Sport & Recreation","Financial Services","Comics & Animation Fans - HEC","Crypto Enthusiasts","Public Places - HEC","Indie & Foreign Film Fans","Do-It-Yourselfers","Crime & Mystery Genre Fans","Action & Thriller Genre Fans","Film & TV Fans","Cordcutters","Adventure Seekers","Comedy Fans","Family Genre Fans","Drama Genre Fans","Automotive Enthusiasts","Horror Genre Fans","Hipsters & Trendsetters - HEC","Grocery & Household","Investors & Entrepreneurs - HEC","Wellness & Healthy Lifestyle","High Schoolers","Travel Enthusiasts","Techies & Gadget Fans","Women's Lifestyle","Fast Food Junkies - HEC","Gamers - HEC","Car Rental","Money Minders","Travel","Grocery Stores & Supermarkets","Travel - HEC","Street Sport Enthusiasts","Music Venues","Water Sport Enthusiasts","Car Rental - HEC","Fight & Wrestling Fans","Motor Sports Fans","Soccer Enthusiasts","Shoppers - HEC","Frequent Domestic Travelers - HEC","Cosmetics Shoppers","Men's Fashion Shoppers","PC Gamers - HEC","Jewelry & Watch Shoppers","Hotels & Accommodations","Pharmacies - HEC","Big Box Shoppers","Shoppers","Online Shoppers","eSports Enthusiasts","Sports Fans","Mobile Gamers - Puzzles","News Watchers - HEC","Celebrity News Watchers - HEC","Mobile Gamers - Sports","Outdoor & Nature Enthusiasts - HEC","Battle Combat & FPS Gamers","Mobile Gamers - Trivia","Pet & Animal Lovers - HEC","Mobile Gamers - Strategy","Comics & Animation Fans","Public Places","Bookworms & Avid Readers","Beauty Mavens","Collegiates","Clubbers & Party People","Sport & Recreation - HEC","Photographers","Gyms & Fitness Centers - HEC"],"Geographic Information":[],"Interactions":{"Web Interactions":["canalplus.com","carwow.es","nike.com","leboncoin.fr","tripadvisor.fr","carrefour.fr","samsung.com","ubereats.com","n26.com","tefal.fr","eneba.com","zleague.gg","thetrainline.com","air-up.com","winamax.fr","sncf-connect.com","instant-gaming.com","officiel-qi-test.com","airbnb.fr","darty.com","sncf.com","fbadsforwriters.com","eurosport.fr","deliveroo.fr","fuzeforge.com","lefigaro.fr","aparanjanparis.com","bouyguestelecom.fr","tf1.fr","sephora.fr","basic-fit.com","leroymerlin.fr","chefclub.tv","salto.fr","snapchat.com","gostudent.org","fnac.com","callofduty.com","blissim.fr","boulanger.com","completude.com","netflix.com","pixpay.fr","coinhouse.com","webtoons.com","airbnb.com","prixclub.com","jafadays.com","stakingpaper.com","voici.fr","cdiscount.com","lecolefrancaise.fr","darjeeling.fr","jardiland.com","lafoirfouille.fr","e.leclerc","quitoque.fr","booking.com"],"App Interactions":["https://play.google.com/store/apps/details?id=com.flashgap.fruitz","https://play.google.com/store/apps/details?id=com.sncf.ouigo","https://play.google.com/store/apps/details?id=com.easybrain.number.puzzle.game","https://play.google.com/store/apps/details?id=com.getpure.pure","https://play.google.com/store/apps/details?id=com.rc.live.livechat3","https://play.google.com/store/apps/details?id=com.bumble.app","https://play.google.com/store/apps/details?id=com.ubercab","https://play.google.com/store/apps/details?id=com.reddit.frontpage","https://play.google.com/store/apps/details?id=com.guppir.swipr","https://play.google.com/store/apps/details?id=co.ninecount.wink","https://play.google.com/store/apps/details?id=eu.kard.android","https://play.google.com/store/apps/details?id=com.goeuro.rosie","https://play.google.com/store/apps/details?id=com.once.android","https://play.google.com/store/apps/details?id=com.pinterest","https://play.google.com/store/apps/details?id=com.tellm.android.app","https://play.google.com/store/apps/details?id=com.videostreamapp.meet","https://play.google.com/store/apps/details?id=com.tinder","https://play.google.com/store/apps/details?id=com.videochat.livu","https://play.google.com/store/apps/details?id=com.playrix.homescapes","https://play.google.com/store/apps/details?id=com.ohmgames.cheatandrun","https://play.google.com/store/apps/details?id=de.mobileconcepts.cyberghost","https://play.google.com/store/apps/details?id=com.hily.app","https://play.google.com/store/apps/details?id=com.lovetastic.android","https://play.google.com/store/apps/details?id=com.adopteunmec.androidfr","https://play.google.com/store/apps/details?id=com.nianticlabs.pokemongo","https://play.google.com/store/apps/details?id=tech.plink.plinkapp","https://play.google.com/store/apps/details?id=com.comuto.android","https://play.google.com/store/apps/details?id=com.born2play.stackydash","https://play.google.com/store/apps/details?id=fr.vinted","https://play.google.com/store/apps/details?id=com.airbnb.android","https://play.google.com/store/apps/details?id=com.feels","https://play.google.com/store/apps/details?id=com.easybrain.killer.sudoku.free","https://play.google.com/store/apps/details?id=com.pz.life.android","https://play.google.com/store/apps/details?id=io.voodoo.paperio","https://play.google.com/store/apps/details?id=tv.molotov.app","https://play.google.com/store/apps/details?id=tv.twitch.android.app","https://play.google.com/store/apps/details?id=com.booking","https://play.google.com/store/apps/details?id=freeplay.crowdrun.com","https://play.google.com/store/apps/details?id=com.n3twork.tetris","https://play.google.com/store/apps/details?id=com.naver.linewebtoon","https://play.google.com/store/apps/details?id=com.facebook.katana","https://play.google.com/store/apps/details?id=com.disney.disneyplus","https://play.google.com/store/apps/details?id=com.soundcloud.android","https://play.google.com/store/apps/details?id=com.dately","https://play.google.com/store/apps/details?id=co.yellw.yellowapp","https://play.google.com/store/apps/details?id=com.expedia.bookings","https://play.google.com/store/apps/details?id=com.plarium.raidlegends","https://play.google.com/store/apps/details?id=sg.bigo.live","https://play.google.com/store/apps/details?id=net.lovoo.android","https://play.google.com/store/apps/details?id=com.riotgames.league.wildrift","https://play.google.com/store/apps/details?id=io.voodoo.paper2","https://play.google.com/store/apps/details?id=com.connected2.ozzy.c2m","https://play.google.com/store/apps/details?id=com.kayak.android","https://play.google.com/store/apps/details?id=com.okcupid.okcupid","https://play.google.com/store/apps/details?id=com.picadilla.beepbeepvroom","https://play.google.com/store/apps/details?id=com.thetrainline","https://play.google.com/store/apps/details?id=de.flixbus.app","https://play.google.com/store/apps/details?id=net.ilius.android.meetic","https://play.google.com/store/apps/details?id=com.mihoyo.genshinimpact","https://play.google.com/store/apps/details?id=com.vsct.vsc.mobile.horaireetresa.android","https://play.google.com/store/apps/details?id=com.paypal.android.p2pmobile","https://play.google.com/store/apps/details?id=com.covalent.kippo","https://play.google.com/store/apps/details?id=com.netflix.mediaclient","https://play.google.com/store/apps/details?id=com.linkedin.android","https://play.google.com/store/apps/details?id=com.ea.gp.apexlegendsmobilefps","https://play.google.com/store/apps/details?id=com.discord","https://play.google.com/store/apps/details?id=com.twitter.android","https://play.google.com/store/apps/details?id=com.activision.callofduty.shooter","https://play.google.com/store/apps/details?id=com.easybrain.sudoku.android","https://play.google.com/store/apps/details?id=vixr.bermuda","https://play.google.com/store/apps/details?id=com.lanslot","https://play.google.com/store/apps/details?id=com.twosteps.twosteps","https://play.google.com/store/apps/details?id=com.crunchyroll.crunchyroid","https://play.google.com/store/apps/details?id=com.md.mcdonalds.gomcdo","https://play.google.com/store/apps/details?id=com.ubercab.eats","https://play.google.com/store/apps/details?id=com.matteljv.uno","https://play.google.com/store/apps/details?id=com.playrix.fishdomdd.gplay","https://play.google.com/store/apps/details?id=com.justwatch.justwatch","https://play.google.com/store/apps/details?id=com.piccomaeurope.fr","https://play.google.com/store/apps/details?id=com.badoo.mobile","https://play.google.com/store/apps/details?id=wakanimapp.wakanimapp","https://play.google.com/store/apps/details?id=com.nuitsansfolie.kooky","https://play.google.com/store/apps/details?id=com.yahoo.mobile.client.android.mail","https://play.google.com/store/apps/details?id=com.ftw_and_co.happn","https://play.google.com/store/apps/details?id=app.bubu","https://play.google.com/store/apps/details?id=com.mico","https://play.google.com/store/apps/details?id=app.passculture.webapp"]},"Off-Platform Sharing":[],"Mobile Ad Id":"1f986aa0-f65e-4c4b-b871-f59b4943ab74"}